40.199,34,34,3010,11076
40.524,35,34,3078,12154
41.507,28,35,2381,10839
39.323,29,33,2835,11722
40.483,25,36,2452,10280
40.907,31,35,2343,11393
41.493,30,33,2515,10189
40.574,29,33,2500,10921
41.754,30,27,2692,11127
40.483,35,34,2752,10241
39.664,30,36,2358,12060
40.687,31,29,2526,12110
41.618,32,37,2956,11136
41.679,31,28,2927,12083
41.335,33,36,2436,10747
40.887,26,30,2613,10457
40.224,30,33,3119,11617
41.678,26,25,2855,10135
41.091,33,28,3096,10453
39.422,33,36,2677,11257
41.633,30,28,2849,10355
39.844,31,31,2937,12168
40.636,30,37,2845,11606
40.900,31,36,2445,10065
39.585,27,35,3096,11408
41.632,30,28,2464,10452
41.023,30,32,2522,11847
40.461,29,29,2680,10829
39.449,30,31,2964,10979
39.120,33,33,2717,11608
40.540,29,26,2828,10878
40.176,30,36,2372,10051
41.410,30,27,2741,10326
40.653,31,28,3026,11263
41.605,34,31,2829,11218
41.007,26,33,2809,10715
39.490,28,27,2557,11361
40.444,30,30,2940,11282
40.456,35,37,3054,10105
39.934,26,30,2947,10193
40.429,30,30,2397,11833
41.137,26,31,2416,10826
41.374,31,31,2472,10096
39.792,31,34,2333,11006
40.871,35,30,3108,11240
40.439,30,32,2356,11282
41.213,33,37,2673,10817
40.027,35,32,2849,10331
39.834,27,28,2694,11643
41.372,30,33,3106,10885
41.769,34,35,3092,10993
39.864,26,30,2516,11425
40.894,34,32,2747,11864
40.622,31,29,2885,11330
41.534,29,31,2694,12157
41.543,29,25,2344,10234
41.546,32,35,2885,10804
39.679,34,34,2756,10905
40.284,33,31,2756,11126
41.243,30,31,2923,10402
41.260,30,29,3049,11895
40.720,33,29,2547,10167
41.614,33,26,2663,10376
40.859,27,34,3010,10076
40.296,31,35,2470,11378
40.537,26,34,2326,11308
40.460,31,25,2562,12169
41.381,27,29,2980,11353
40.996,33,27,2914,10852
41.371,31,27,3076,11516
40.955,35,28,2442,10132
41.346,34,31,2775,11213
40.381,29,37,2733,10851
41.165,31,29,2496,10115
39.152,31,29,2930,10835
41.225,33,31,2654,12033
40.419,32,26,2995,10411
41.273,28,35,2526,10417
41.408,30,27,3115,11359
41.724,32,30,2660,10059
40.672,27,36,2473,11025
40.203,32,28,2486,10569
39.050,35,34,2914,12102
41.117,27,25,2938,11904
41.198,31,32,2379,11174
40.450,30,35,2544,10880
41.058,33,34,2678,11874
41.509,25,31,3067,12041
40.522,29,34,2374,11934
41.219,27,32,2760,10881
40.533,28,27,2489,12091
41.054,25,29,2339,10220
40.127,25,35,2853,10104
40.447,27,32,2991,11582
40.747,25,32,2375,10610
40.727,26,35,2685,10116
39.212,32,30,2571,10664
39.430,34,30,2401,11072
39.089,30,37,2690,12172
40.592,33,32,2521,10881
40.299,30,35,2463,11314
40.669,25,27,2353,12167
40.835,27,31,2421,10097
39.437,32,29,2689,11679
40.755,35,37,3046,11920
41.100,28,31,3069,11952
41.754,30,34,3097,11659
40.842,30,30,3052,11465
41.305,31,36,3030,11874
41.142,29,30,2755,10755
40.452,26,29,2753,11813
41.581,29,30,2994,10803
39.190,29,25,2879,11144
40.672,28,34,2638,10255
39.965,28,35,2667,10445
40.771,33,33,2429,11770
41.606,26,35,2425,11995
40.490,28,31,2423,10962
39.160,31,35,2972,11553
41.189,28,27,2948,10080
41.605,30,28,2703,10188
40.386,30,34,2450,10678
39.903,30,36,2920,11743
40.602,35,34,3054,10757
40.812,31,37,2511,11140
40.647,31,37,2859,10266
39.936,29,30,2941,10171
40.321,25,35,2357,10468
38.960,33,26,2730,11122
41.464,31,30,2698,11633
40.722,30,34,2722,10152
39.966,33,31,2428,10748
40.454,28,30,2581,10423
40.318,27,31,2625,10537
40.028,26,29,2593,11486
41.173,35,35,2569,11507
41.445,26,29,2485,11064
39.040,32,25,2881, 9982
39.267,31,32,2501,11368
41.583,26,31,3070,11777
40.834,25,26,2996,12170
41.420,29,35,2789,12041
41.010,35,29,2690,10153
40.793,29,29,2627,10765
40.735,29,29,2800,11337
41.658,28,36,2991,12025
40.661,30,29,2510,11815
40.566,25,26,2779,10256
40.470,30,34,2731,11640
41.763,27,35,2841,10432
40.601,25,36,2827,10595
39.627,32,31,2769,11027
40.320,27,33,2866,10114
40.494,35,31,2521,11041
41.531,32,28,2386,11293
41.577,29,37,2855,11758
41.642,30,26,2525,10631
39.842,32,31,2779,10142
40.560,27,31,2699,10840
41.560,26,25,2667,11842
40.437,27,28,2931,10182
40.494,28,26,2901,11287
40.727,26,31,2917,11578
41.192,33,31,2806,10577
39.074,30,33,2849,10322
39.512,34,37,2937,10966
40.618,30,33,2732,11587
40.799,34,31,2677,11206
40.983,33,31,2638,11257
41.756,30,31,3003,11929
41.733,25,36,3115,11436
41.586,30,31,2678,11235
41.263,29,35,3062,11545
41.114,30,26,2429,10082
41.693,34,26,2875,11497
40.716,32,26,2800,10371
39.800,28,37,2459,11094
41.321,31,30,2882,10813
39.293,31,36,2449,11256
41.218,30,34,2744,12073
41.612,27,25,2758,10150
40.048,30,35,3063,11605
41.758,29,32,2470,11760
41.413,26,34,2348,11399
41.003,28,33,2420,11931
41.124,29,36,2728,12049
41.050,25,25,2628,10664
40.870,30,31,2589,11832
41.185,33,28,2915,11635
40.625,30,28,2582,10359
40.032,33,28,3102,10823
40.710,30,27,2570,10689
39.504,27,29,2732,12019
41.030,31,28,2673,11322
41.314,34,37,2894,11484
41.397,32,33,2978,10215
40.009,33,27,2809,10398
40.283,35,37,2680,11349
41.370,26,34,2350,10330
40.053,33,37,2526,12057
40.878,30,29,3024,10274
39.964,34,28,2586,11642
40.670,27,35,2522,10727
41.534,29,37,2720,11810
40.866,29,25,2383,10903
39.315,30,27,3082,11785
41.075,30,34,2815,11959
40.767,32,34,2393,11620
40.921,28,37,2806,11280
40.821,25,34,2870,11898
41.316,30,35,2989,12174
40.837,27,37,2579,11317
41.601,29,28,2825,10516
40.703,34,30,2639,11528
41.449,29,32,2831,12039
41.440,28,30,2524,10862
40.369,28,35,2523,11893
41.648,35,33,2550,10815
40.450,25,32,2636,11374
40.904,35,31,2510,10982
40.554,32,30,2666,11053
40.032,32,37,2321,11252
41.036,32,32,2927,11788
41.061,35,26,2600,10519
40.669,34,31,2563,11716
41.463,30,35,3084,10978
39.680,26,33,2322,11274
40.842,34,30,2833,10259
40.792,34,30,2382,10485
39.289,30,31,2902,12104
40.829,26,31,2388,10108
40.249,35,31,2833,11445
41.622,29,31,2950,10150
40.086,28,26,2627,10806
39.079,30,31,3064,10161
39.118,34,29,2537,11291
41.278,30,26,2729,11778
41.020,29,26,2889,10133
39.985,27,34,2619,11602
41.624,30,31,2800,11756
41.490,28,30,2444,10802
40.983,33,37,3070,11461
41.335,26,31,2398,11373
40.753,34,33,2734,10371
40.807,30,31,2362,10468
39.782,28,27,2614,11006
40.409,26,28,2940,10617
40.107,33,28,2557,11492
41.575,34,35,2808,10398
39.329,35,32,2674,11996
40.484,35,33,2417,10596
40.993,28,37,2465,10392
40.636,26,31,2525,10675
40.838,30,34,2595,10720
41.263,35,28,3058,12137
41.478,25,36,2535,11560
41.555,27,34,2378,12051
41.070,33,36,2322,10277
39.015,26,27,2784,11172
41.479,27,33,2933,10413
39.490,29,31,3034,10342
39.492,27,30,2928,10223
40.728,30,35,3046,12121
40.666,28,36,3015,11005
41.459,35,34,2879,11699
40.619,31,36,2953,10525
39.945,34,29,2976,10013
40.397,26,26,2590,10409
40.388,30,28,2343,10891
40.731,25,33,2832,11252
40.836,34,34,2416,11631
41.415,34,29,2431,11831
41.754,30,31,2670,10830
40.759,28,32,2463,11324
41.159,30,35,2617,11259
40.529,32,25,2447,10728
40.889,33,31,3058,10030
39.503,28,26,3119,11214
40.375,31,26,2484,10883
39.686,30,37,2997,10919
40.083,34,33,2472,10861
40.714,28,35,2440,10922
40.560,28,32,2408,11886
40.737,33,33,3120,11739
41.018,35,31,3098,11409
41.272,35,31,2566,11031
39.570,29,26,2717,11588
40.558,32,36,2734,12109
41.204,35,31,2978,10930
40.230,35,28,3022,11156
41.170,30,31,2813,10635
39.219,31,26,2642,11688
40.375,32,29,3111,11913
41.672,26,33,2596,10382
39.677,26,34,2714,10774
40.876,30,33,2675,10890
41.339,29,36,2636,11991
41.179,31,34,2366,11659
41.620,35,29,2510,10248
39.899,32,36,3010,11168
41.178,32,34,2919,10797
40.975,26,28,2353,11086
40.785,25,32,3119,11342
41.407,29,34,2612,11094
41.450,30,34,2777,10383
41.198,35,25,2724,10751
40.301,30,33,2552,11209
41.066,35,30,3070,10108
40.951,34,32,2532,11583
41.522,27,36,2596,10040
40.193,27,30,3006,10685
39.663,31,28,3050,10502
40.832,33,29,2961,10348
39.844,26,35,2813,11273
40.973,30,36,2792,11380
41.725,27,36,3072,11023
39.333,29,31,2890,11251
40.895,26,27,2534,11316
41.493,33,25,2954,11040
40.291,26,36,2475,10082
40.340,30,29,2505,11384
41.339,35,37,2586,11986
41.563,30,25,2557,11531
41.483,31,28,2834,12111
40.925,32,33,2670,12005
41.362,33,25,2921,11891
40.694,30,31,2946,10276
40.753,25,27,2411,11712
40.474,31,25,2717,11858
41.530,31,31,3059,10691
40.296,28,35,2577,11408
41.419,29,31,2537,11414
40.693,30,35,2450,11887
41.075,32,26,2749,12036
41.073,33,33,3039,11539
41.270,30,37,2987,10781
40.279,25,31,3052,10990
40.258,29,25,2396,10673
41.399,34,25,3016,10275
40.130,26,29,2580,11269
41.432,32,28,3004,10005
41.658,30,34,2843,11771
41.637,34,34,3028,12093
40.457,30,36,2986,11531
40.858,33,37,2777,11288
41.404,26,25,2468,11585
41.452,28,33,2755,11542
41.052,35,36,2891,10508
40.586,31,30,2411,12178
40.734,25,28,2598,11791
41.753,34,25,2575,11849
41.620,28,34,2787,10984
40.561,31,29,2698,10604
40.518,31,37,2663,10165
39.473,27,34,2811,11214
41.135,32,30,2963,10759
40.379,34,34,2429,11720
41.007,30,36,2568,11688
40.460,30,33,2419,10390
39.703,25,32,3025,10290
39.156,34,37,2480,10473
41.225,29,35,2575,11913
41.199,32,33,2837,11393
41.490,35,31,2897, 9989
40.394,25,29,2682,10161
41.759,27,30,2341,10696
41.526,28,31,2830,10397
39.065,26,33,2716,11952
41.033,25,29,2788,10170
40.415,25,31,2810,10500
39.659,30,31,2660,11332
41.695,31,26,2520,11917
41.481,35,31,2496,10034
39.453,27,26,2865,11667
41.680,30,28,3083,10925
39.051,25,30,2810,11067
41.209,27,31,2369,11964
40.698,29,25,2998,10832
40.895,25,26,2901,11104
41.190,30,35,2883,11971
40.416,34,31,2890,11149
41.060,30,26,2906,12028
40.462,27,26,2387,11222
41.238,32,30,2496,10979
39.315,30,32,2687,10621
39.646,34,28,3084,10657
41.181,30,30,2555,12026
41.207,32,30,2585,10540
39.880,33,26,2485,11756
41.730,29,31,3098,10612
41.256,30,36,2648,10443
39.040,27,25,2926,11998
41.063,33,32,3112,10320
41.554,26,31,2484,11256
41.086,35,35,3042,11625
41.448,27,25,2751,10241
40.874,25,29,3079,10563
39.224,28,28,2440,11498
40.707,32,32,2742,11655
41.735,33,34,2703,11923
41.728,30,37,2697,10169
39.769,34,27,3012,11665
40.539,30,25,3011,12068
41.641,33,34,2380,10657
40.511,34,35,2931, 9999
41.143,27,35,2885,11156
41.588,32,26,2795,10673
41.490,28,28,2775,10812
40.260,34,31,3112,11482
41.619,32,25,2970,10998
39.256,31,25,2445, 9987
41.602,35,33,2519,10858
40.608,30,28,2618,11029
40.702,30,30,3032,11472
41.514,26,32,2435,10695
41.617,34,28,2620,11733
40.476,35,27,2910,10195
39.737,25,34,3093,11994
40.838,35,33,3064,11486
40.559,27,26,2475,11993
41.360,32,27,2373,11571
40.387,28,31,2913,10034
39.336,30,31,2344,11471
40.943,25,28,2324,10397
39.251,30,31,2831,11217
41.039,29,33,3114,10565
40.194,29,29,2413,11924
40.521,28,31,2757,10353
41.651,28,30,3064,11424
41.620,29,36,2464,11978
40.984,33,37,2890,11954
40.846,30,36,2704,10848
41.742,35,32,2429,11962
41.311,31,26,2332,10822
40.349,30,30,2829,12160
41.744,33,26,2985,11071
38.995,29,27,2953,11052
40.277,30,28,2564,10672
39.081,25,27,2362,10959
40.477,31,30,2877,10442
40.015,26,34,2351,10658
40.053,30,30,2403,10453
39.806,27,27,2784,10169
41.675,25,31,2739,10802
39.590,28,33,2550,10106
40.369,35,28,2756,10271
41.346,30,25,2968,11192
41.686,34,26,2829,10274
39.211,29,25,2595,11676
40.419,30,36,2875,10612
39.214,35,35,2542,11495
40.533,25,25,2741,10083
39.174,26,35,3081,11362
40.714,26,35,2907,11775
41.386,30,25,2347,11990
41.257,30,25,2952,11928
41.234,35,37,2405,10493
40.743,34,30,2325,12021
40.870,33,25,2944,11214
40.848,31,31,2441,10675
39.011,26,31,2747,10450
40.667,29,37,2731,11140
41.238,34,34,2542,10965
40.865,29,26,2736,10697
40.344,28,29,2369,11167
41.613,25,29,2774,11691
41.392,27,27,2906,11022
40.738,27,36,2523,10548
40.019,28,33,2967,11545
40.778,34,36,3023,10055
40.496,28,33,2801,10027
39.717,28,28,2810,10980
39.233,31,32,2703,11204
40.455,26,35,2631,10027
41.409,27,29,2731,10992
40.381,30,34,2907,10956
41.242,30,31,2414,11345
40.654,30,30,2756,10682
40.032,31,25,2879,11610
41.054,28,29,3052,10407
39.904,32,34,2819,11030
41.415,34,32,2651,10187
40.064,34,36,2739,10029
40.926,30,32,2752,11811
40.803,27,25,2393,10901
41.486,34,28,2466,10555
39.383,28,25,2757,10385
40.445,29,35,2477,11034
41.584,25,30,2457,11655
41.580,35,28,2992,11825
40.603,31,33,2835,11150
41.707,32,35,2959,10429
41.030,29,37,2535,11880
41.632,32,27,2366,10498
39.018,31,25,2820,10092
39.568,26,35,2927,11339
41.591,30,30,3015,10084
40.452,33,31,2570,11226
40.564,28,36,2347,11498
41.538,25,27,2396,11972
40.398,33,34,3070,10707
40.140,30,27,2653,12113
40.580,30,31,2502,11311
41.230,30,31,2834,11709
40.763,35,35,2819,10489
39.801,29,29,3097,11623
41.614,32,29,3053,10844
40.111,33,35,2398,11036
40.359,30,27,2714,11897
40.545,31,33,2785,10497
40.887,26,31,2903,11891
41.625,33,35,3021,11739
41.559,32,36,2421,11407
41.499,31,25,2847,10785
40.171,35,30,2552,10234
39.132,27,35,2325,10040
40.101,31,36,2843,11374
40.886,30,30,2937,10658
39.515,26,26,2606,11451
41.758,30,29,3107,11323
40.754,28,35,2745,10931
40.527,25,32,2373,10211
41.086,29,33,2539,10399
39.400,26,30,3035,11904
40.407,30,33,2695,10382
41.098,30,37,2599,11346
41.592,26,33,3088,11321
40.772,34,37,2759,11725
41.519,33,26,2908,11098
40.912,33,32,2731,11431
40.400,27,27,2682,10513
40.959,34,31,2492,11396
41.589,34,31,2606,10141
39.559,30,37,2861,10293
39.605,31,26,2950,10564
41.017,30,37,2378,10411
41.549,27,36,2606,10539
40.636,26,25,2953,10565
39.167,25,31,2575,10065
41.336,30,34,3095, 9990
39.642,30,32,2978,10877
41.580,27,33,2550,10347
41.594,29,25,2459,11835
41.277,32,26,2398,10895
40.529,27,27,2763,10091
40.193,31,36,2968,11857
41.640,30,26,2538,11453
41.291,34,25,2855,11200
41.529,30,31,3075,10440
40.163,32,36,2444,10894
40.627,28,30,3052,12026
41.082,33,35,2500,12080
40.732,30,32,2367,12039
41.534,29,29,2737,10105
41.726,33,35,3006,10141
39.288,27,26,2457,11400
41.112,29,34,2880,10419
39.500,31,25,2400,11696
40.946,26,31,3077,11028
40.000,28,34,3064,11931
41.635,29,34,2888,10310
39.353,28,30,2620,11071
40.193,29,35,2634,12081
41.587,34,37,2997,10485
40.915,28,28,2905,10709
39.358,30,31,2551,11499
41.414,34,27,2364,10494
41.703,29,25,2960,10051
41.047,32,36,2862,11989
41.406,30,27,2639,10939
41.452,29,25,2670,10802
38.987,33,30,2571,11223
40.731,33,31,2449,10530
40.590,27,29,2396,11343
41.662,34,31,2386,10828
41.684,29,33,2346,11151
41.648,33,37,2599,10875
41.286,27,36,2686,10992
41.310,25,30,2999,11597
40.563,25,27,2890,11205
41.126,35,25,2730,10924
41.087,32,30,2866,10376
39.542,26,33,2564,11544
41.007,34,26,3010,11569
40.552,26,36,3067,11680
41.696,29,25,2765,11875
41.355,35,34,2393,10679
40.609,35,34,2820,10018
40.763,29,31,2687,10615
40.335,33,30,2385,11070
41.301,30,26,2564,11112
40.926,30,35,2702,11009
39.951,31,29,2602,11387
41.597,28,25,2589,10871
39.832,30,27,2986,11384
41.191,26,36,2376,10201
41.323,33,30,2711,11556
40.980,28,30,2325,10097
39.418,31,27,2421,11676
40.677,30,26,3101,11684
40.438,28,25,2498,11698
40.546,34,31,2628,10440
39.243,32,25,2844,10937
39.362,30,32,2571,12000
41.670,29,31,2631,11760
40.437,25,26,2507,11502
40.470,30,33,2969,11752
41.431,31,28,2708,11318
41.435,31,26,2805,11111
41.347,30,29,2717,11431
40.714,30,37,2770,10403
40.227,34,36,2561,10712
39.524,32,31,2560,11002
39.732,25,32,2854,10812
41.337,35,27,2468,10422
39.335,31,29,2342,11833
41.309,31,32,2498,12041
40.998,27,25,2500,11750
40.910,30,25,3076,10638
39.969,29,29,2480,11041
40.196,30,25,2940,11702
41.392,29,31,2552,11409
40.766,34,32,2436,11091
40.430,31,28,2538,11010
40.151,33,27,2683,11621
41.056,35,34,2498,10997
41.178,30,37,2527,11466
40.530,31,29,2535,10554
38.972,25,32,2511,10975
41.463,29,32,2402,10486
41.599,34,35,2448,10043
41.174,30,37,2508,11658
40.492,33,35,2998,10266
41.756,30,30,2504,11809
40.874,25,36,2328,11484
41.074,30,30,2380,11163
41.127,30,32,2666,10263
40.773,25,37,2791,10911
40.483,31,36,3078,10083
40.338,30,36,2525,10981
39.986,31,33,2369,10415
40.426,26,35,2952,10192
41.139,34,33,2820,11807
41.317,29,37,2867,10661
40.009,27,35,2890,10252
41.645,32,31,2739,10523
40.539,27,35,2522,11669
41.005,30,25,2441, 9999
39.755,32,25,2636,11113
41.501,28,31,2769,10699
39.269,28,37,2413,10657
40.916,28,25,2583,11466
40.717,28,33,2906,10902
41.524,27,31,2869,10467
39.617,28,33,3119,11650
41.285,34,33,2701,11141
41.204,26,32,2908,10226
39.968,30,27,2497,10048
39.273,33,30,2660,10040
39.487,30,26,2977,10234
39.527,32,29,2787,11795
41.077,30,34,2590,10729
39.761,33,25,3014,11691
41.265,25,28,2841,11619
40.720,25,27,2763,10569
41.598,32,37,2993,10095
41.287,27,30,2605,11869
41.441,26,28,3052,12003
40.385,31,25,2726,10006
39.517,30,36,2699,10631
39.422,26,26,2928,12167
40.627,25,31,3065,11540
41.568,34,32,2782,11280
40.948,27,28,2435,10938
40.528,29,31,2893,10877
41.547,28,31,2524,11848
41.223,28,33,2652,11562
40.727,35,33,2852,10208
41.541,25,33,2467,10749
40.030,35,25,2962,11931
40.679,30,27,2822,11239
41.158,34,31,2576, 9997
40.547,33,28,2707,11827
40.656,32,34,2918,10370
39.713,34,34,2752,10465
40.018,28,37,2614,10284
40.264,35,28,2754,11894
40.816,27,32,3057,10970
40.216,26,36,2918,11070
39.682,35,31,2661,11562
41.515,26,31,2995,11077
40.262,28,36,2842,10108
41.353,34,25,2715,11839
40.928,33,36,2932,10395
40.974,26,30,2979,11682
41.271,27,35,2802,10769
40.954,35,33,2837,10571
39.406,35,29,2510,10556
40.387,30,35,2701,11169
40.571,30,33,2816,10338
40.737,34,35,2882,12095
41.000,30,27,2620,11875
40.460,30,30,2665,11371
41.662,28,36,2403,10090
39.709,32,28,2554,11152
40.842,33,31,2470,11841
40.735,28,34,2322,11171
41.686,25,34,2957,11442
41.142,31,35,2841,10304
41.523,31,31,2825,11271
41.368,30,29,2471,11742
40.845,26,30,2852,11651
41.210,34,34,2362,11148
41.515,25,33,3120,11437
40.904,31,36,2834, 9984
40.305,25,28,2746,10749
38.995,25,35,2398,11476
41.651,26,26,2416,10667
41.146,27,29,3063,10450
41.748,33,31,2862,11098
41.370,35,36,2993,11443
41.570,30,27,2752,11981
41.227,32,31,2919,10027
40.486,33,26,2797,11104
41.171,30,31,2586,12141
41.417,28,31,2914,11436
40.919,35,31,2997,11016
40.870,30,36,2345,11093
41.307,25,28,2896,10858
39.082,29,28,2392,10422
40.885,29,26,2416,12021
41.365,35,32,2358,11501
41.625,26,27,2633,10713
39.675,25,31,2356,12145
40.671,34,31,2421,10160
41.396,33,37,2363,10851
39.746,29,33,2849,11688
40.632,27,35,2837,11980
40.875,27,26,2818,11548
41.057,33,28,3078,11824
41.700,34,37,3098,11701
41.325,35,37,3116,10430
41.101,34,28,2828,10514
40.194,31,32,2914,11166
41.526,30,30,2614,11113
41.498,28,29,2449,10488
39.834,35,29,2579,10938
39.992,28,25,2931,11702
40.874,27,27,3066,11415
41.513,30,37,2683,12159
40.779,32,28,2627,10550
39.885,35,26,2351,11652
40.789,26,32,2650,10204
39.735,31,37,2709,10746
40.418,31,36,3004,11492
40.602,25,34,2632,11332
40.629,26,26,2635,12085
41.012,30,25,2437,11698
40.459,33,33,3103,11697
41.639,32,29,2463,11628
41.104,28,32,2393,11233
40.896,27,29,2343,10380
41.257,30,37,2977,11884
41.667,35,27,2324,11959
41.653,30,31,2994,11309
41.629,31,27,2786,10045
41.607,26,26,2494,10914
40.214,26,34,2549,11606
40.940,34,36,2606,10002
39.705,30,28,2667,10924
40.199,26,28,2767,10619
40.363,30,34,2795,12176
40.552,30,29,2526,12074
41.606,34,30,2906,10916
39.351,33,26,2333,11199
40.772,28,33,2797,11886
40.738,25,32,2685,12054
40.632,28,37,2976,11735
40.672,29,28,2533,11891
41.751,30,27,2650,12042
41.673,33,34,3088,10462
40.527,33,36,2352,11100
41.260,29,34,2498,11793
41.293,30,34,2650,11348
41.406,25,36,3106, 9985
41.286,32,28,2488,11242
40.603,35,32,2418,10787
39.991,26,31,2962,11074
40.739,30,37,2327,10451
41.565,35,32,2815, 9990
41.265,30,34,2660,11332
41.412,34,31,2720,11951
40.842,30,35,2626,10974
41.632,26,25,3074,10270
39.021,31,36,2363,11718
41.433,30,28,2911,10977
40.167,30,35,2859,10729
41.694,32,35,2390,10504
41.242,27,36,2869,10029
41.095,35,26,3114,11815
41.002,30,37,2814,10234
39.276,30,35,2950,11943
41.182,31,33,2836,11737
40.432,30,36,2529,11828
40.902,34,31,2333,11400
40.580,32,28,2338,10445
39.546,34,36,2582,10763
39.642,33,28,2630,10711
41.760,26,26,2391,12039
40.453,32,25,2940,11732
41.760,35,34,2565,11302
41.588,30,29,2383,10126
39.120,29,36,3029,11865
40.949,35,25,3002,10191
39.590,30,32,2580,10094
41.007,33,31,2703,11989
41.546,25,37,2711,10399
39.767,27,34,2941,11823
41.598,33,30,2544,11202
40.379,31,34,2752,10845
40.415,35,26,2900,10311
39.717,28,35,3023,10739
39.440,27,29,2341,10418
39.174,34,28,2698,11227
41.420,26,26,2682,10268
39.516,30,36,3045,10969
40.049,29,31,2806,10533
39.617,32,35,2437,10341
41.519,25,27,2654,11900
41.573,28,37,2828,10280
40.759,30,32,2967,10885
39.498,26,28,2439, 9994
39.332,32,33,2767,11367
40.469,30,32,2549,10585
40.073,33,35,2459,10092
41.408,35,31,3081,11410
41.429,35,31,2624,10641
41.432,30,27,2957,11764
40.486,28,27,2852,10200
39.502,33,29,3088,11894
40.941,26,29,2430,10072
39.110,28,34,2934,10058
39.151,30,35,2649,10535
41.565,26,34,2339,11512
41.007,27,37,2427,11821
41.593,30,35,2450,11832
40.429,26,29,2795,11105
40.436,34,28,2777,10829
39.755,34,31,2925,11195
40.637,29,33,3049,10970
40.644,31,27,2463,11702
40.759,32,35,2766,10518
40.092,33,37,2555,11000
40.542,25,26,2397,11381
40.746,31,27,2526,11847
41.350,30,35,2972,12160
41.005,27,27,3066,11948
41.151,30,35,3015,10751
39.277,26,35,2954,10358
40.523,31,31,2658,10006
40.856,25,27,2704,11826
41.145,34,37,2430,10082
38.963,30,33,3077,10023
40.870,25,32,2840,10779
41.579,31,26,3089,10004
41.518,31,31,2881,10848
41.096,31,31,2526,11130
40.679,29,34,2909,11207
40.483,30,37,3064,10902
39.961,25,32,2763,12071
41.543,27,27,2904,11870
41.647,26,28,2528,11015
39.896,31,35,2693,11435
40.940,34,32,2368,11587
40.919,30,27,2722,11289
41.625,35,32,2663,10148
41.358,29,36,2781, 9984
41.204,30,25,2668,10930
41.576,28,29,2981,10720
40.368,25,33,2779,10675
39.220,33,28,2962,11953
41.362,26,26,3066,10874
41.756,25,37,2591,11617
40.767,29,31,2811,10099
39.910,30,37,2941,10010
41.668,35,29,2584,11699
41.633,28,31,2622,11286
41.476,26,36,2540,10136
39.746,31,31,2505,11401
41.469,34,31,2953,10702
39.319,32,31,2979,12131
40.867,31,27,2671,10812
41.167,28,27,2857,11961
40.759,28,37,2670,11849
41.697,26,31,2708,10179
39.874,34,31,2968,10203
39.187,30,35,2394,10308
41.068,31,27,2531,11812
41.007,34,31,3087,11432
40.670,28,35,2835,11660
40.387,33,33,2393,10203
40.056,32,26,3071,12038
41.409,25,35,2827,11233
41.107,28,26,2353,11276
41.367,35,26,3038,12053
41.045,29,31,2837,11171
40.719,30,30,2335,11841
41.395,30,25,3013,10960
40.869,25,35,3098,10038
41.402,29,37,2805,11220
40.402,32,26,2493,10426
39.405,28,27,2507,11077
39.041,25,26,2376,11207
40.898,32,31,2519,11365
40.857,31,31,2909,11266
41.530,31,37,2586,10084
39.226,30,27,2854,10324
39.317,33,36,2908,11288
41.107,28,36,2562,10921
40.769,30,31,2393,11675
41.300,28,36,3005,10953
40.709,25,31,2787,11885
41.531,29,29,2652,10737
39.156,30,36,2651,11744
40.905,28,26,2820,11606
41.161,25,34,2585,10197
39.279,34,31,2877,10046
40.175,31,31,2566,10526
41.722,34,32,2911,11769
40.541,30,30,2945,10510
40.439,26,37,3041,11573
40.402,26,31,3106,11594
40.428,27,31,2991,11459
41.321,34,31,2589,10441
39.192,30,30,2460,10378
40.580,32,31,2483,10504
39.512,35,36,2658,11156
41.593,25,25,2906,11104
40.692,25,34,2930,11108
41.651,26,25,2741,10051
39.832,28,30,2755,11227
41.751,35,33,2778,10590
40.746,33,30,2383,11437
40.812,30,33,2842,11344
41.595,26,28,3020,11614
40.441,25,27,3117,11957
41.071,34,34,2995,11249
40.385,26,36,3081,10296
41.175,33,32,2499,11151
40.893,27,36,2573,11639
41.326,30,26,2908,11841
41.355,35,34,2433,11527
40.520,33,29,2848,10873
40.428,29,28,2345,11525
40.571,35,36,2444,10260
40.931,28,32,2493,10063
39.471,25,37,2694,11017
41.331,27,25,2375,11248
40.971,30,34,2752,11813
40.526,30,30,2945,11824
41.546,30,32,2981,10547
39.243,34,26,2931,11279
41.172,34,27,2799,10810
41.509,32,30,2574,10056
40.229,27,30,2899,10205
40.832,26,37,2438,11962
41.185,30,34,3049, 9990
41.582,35,35,2538,10896
40.971,33,34,2729,12028
40.505,30,31,2941,10048
40.632,26,37,3027,10999
41.558,30,25,2895,11050
41.340,31,34,2459,11709
41.059,25,35,3088,12074
41.716,27,31,2905,11340
41.770,28,32,2818,11244
41.541,26,26,2588,11046
40.045,32,26,2616,11374
41.178,32,30,2978,10998
40.905,29,31,2399,11727
40.386,28,33,2932,11911
40.880,30,36,2982,10432
39.242,30,30,2949,10614
40.299,28,26,2682,11866
41.202,27,32,2708,11732
40.923,26,33,2962,11903
40.809,35,34,2552,11188
41.289,34,25,3076,11497
41.070,33,31,3072,12083
41.137,27,34,2764,11262
41.378,30,29,2829,10151
39.260,30,27,2745,10429
41.017,35,27,3110,10455
39.544,31,31,2956,11232
41.411,32,26,2637,10493
40.610,28,30,2827,10078
41.158,32,33,2919,11503
41.237,30,31,2451,10271
39.941,32,26,2969,10733
39.453,30,34,2376,11947
41.492,26,35,2967,10583
39.235,31,34,3013,11073
41.271,26,31,2639,10756
39.470,28,29,2418,11422
41.160,32,29,2892,10299
40.474,32,32,3074,10031
40.790,34,31,2974,10725
39.988,33,32,3050,10373
40.576,25,33,2863,10487
39.330,29,30,2486,10047
39.446,27,37,2982,10720
41.254,31,31,2705,11729
40.549,31,36,2351,10795
41.409,33,25,3030,12078
40.495,28,25,2479,11819
41.690,25,30,2427,11827
41.410,31,28,2331,10421
40.862,29,33,2434,10180
39.482,26,32,2892,10087
40.880,30,36,2922,11124
41.010,31,30,2696,12007
40.809,30,37,2376,10027
40.461,27,29,2486,10622
41.070,27,26,2449,10978
39.844,26,31,3018,11473
41.160,27,30,3100,10155
40.103,30,26,2577,10913
41.051,33,26,2508,10808
39.414,35,30,3033,11204
41.107,33,33,2522,10278
39.255,33,37,2663,11626
41.709,34,25,2744,11850
41.562,28,29,2561,12083
41.443,31,27,2902,10311
40.395,35,31,2824,10329
39.517,31,28,2744,12087
41.010,25,31,2484,11673
40.442,31,30,2964,11674
41.697,30,29,3028,11298
41.523,26,27,2361,11372
40.830,30,29,2764,10761
41.569,26,28,3067,10895
40.142,32,28,3107,10367
39.381,35,32,2433,11705
40.511,29,31,3029,11091
40.399,31,33,2785,10204
39.547,27,28,2826,10806
41.338,35,28,3023,10550
40.495,30,30,2485,10718
41.159,29,28,3030,11325
41.221,27,32,2647,11831
41.443,32,35,2469,11678
40.843,25,29,2462,11855
41.492,32,29,2381,10967
40.070,29,33,2752,10828
41.481,31,26,2397,10268
40.809,26,27,2349,10136
40.108,34,29,3054,11933
40.450,30,37,2762,11096
40.809,25,35,2373,11311
40.759,31,37,2754,10913
41.344,25,37,2534,11777
41.122,33,35,2684,10577
40.228,33,36,2545,11272
41.693,34,30,3006,12139
40.692,26,27,2981,12144
41.699,33,30,2875,11023
40.451,32,30,2877,12128
41.580,34,26,2574,10576
39.795,35,37,2828,10449
40.821,30,29,2991,11428
41.762,26,33,2633,10056
39.642,33,29,2797,10987
41.596,33,27,2610,10365
39.575,28,30,3035,10167
40.375,35,32,2464,11114
41.073,32,31,2371,11346
41.043,30,35,2565,10267
40.734,26,31,2825,11201
41.354,28,31,2650,10889
40.472,25,36,2765,10742
39.318,32,35,2485,11789
40.914,34,33,2621,10127
39.277,32,26,2789,12149
41.767,30,26,2856,10304
39.662,31,25,2946,12071
41.336,31,32,3045,12159
41.709,26,36,3084,11727
41.290,35,27,2725,11582
40.634,35,33,2739,11327
41.345,32,36,2625,10334
40.739,26,26,2951,11298
40.910,26,29,2551,11468
40.530,34,33,2910,11548
41.231,25,37,2347,11639
40.663,29,35,2608,11450
40.426,26,26,2787,11798
41.211,29,31,2644,10515
41.303,34,25,2769,11075
41.697,26,25,3110, 9993
40.755,26,25,2878,10902
39.968,25,33,2373,10309
39.478,30,29,2945,10344
40.242,30,27,2708,11505
41.553,25,33,2694,10502
40.304,30,33,2909,10201
41.453,27,29,3094,11202
41.502,31,31,2773,10646
39.320,33,26,2883,10684
39.844,32,30,2375,11471
40.800,30,25,2386,10276
39.500,27,34,2370,11212
40.647,30,34,2358,10528
39.811,32,35,2419,10633
39.746,33,31,2422,12013
40.384,26,31,2958,10949
40.510,34,33,2677,10104
40.087,31,30,3022,11183
41.480,33,28,2354,11747
40.623,29,27,2453,11874
40.530,30,27,2803,11278
41.502,35,33,2645,10539
40.603,34,27,2860,10028
41.140,34,31,2416,11563
41.349,26,32,2798,11510
40.697,34,28,2420,10864
39.636,28,35,2720,10546
41.398,25,36,2428,10670
40.059,29,26,2921,10806
41.254,30,31,2435,11303
40.625,33,34,2703,12071
41.170,29,34,3079,11014
41.683,33,28,2592,10736
40.051,34,25,2383,10593
41.226,31,29,2736,10880
40.768,30,25,2378,11717
41.554,29,26,2467,11178
41.761,33,33,2996,10159
39.384,29,31,2830,10725
39.337,26,27,2889,11739
41.279,35,29,2623,11487
40.461,28,35,2499,10088
39.488,35,28,3041,11301
41.359,30,28,2930,10158
39.690,25,26,2633,11291
40.998,30,37,2911,10080
40.385,32,27,2473,11515
40.710,35,27,2456,10266
40.187,28,34,2990,11442
40.859,35,32,2552,10968
41.397,28,28,2690,11315
41.326,34,27,3031,10879
40.868,30,32,2949,11246
41.621,30,37,3080,11172
41.486,30,31,2601,11524
40.736,26,28,2580,10278
40.235,35,33,2926,10628
41.303,30,25,2598,11721
40.683,31,28,3054,10440
40.084,27,36,2586,11807
41.129,31,34,2930,10018
39.185,35,29,2673,11922
40.855,33,34,2412,11787
41.090,27,30,2334,11954
41.240,30,33,3105,11978
40.579,29,32,2502,12153
40.559,27,25,2772,12049
41.739,34,27,2374,10224
40.724,28,29,2479,11178
41.112,30,31,3108,11653
41.249,29,31,2665,11724
41.507,33,35,2992,10380
39.126,35,33,3030,11806
40.644,27,37,2496,10358
41.431,27,28,2860,11052
40.752,26,28,2465,11848
40.438,30,29,3016,10915
40.643,28,31,2839,12002
41.224,35,27,2714,10835
40.414,30,33,3057,10214
39.904,26,30,2777,11542
41.168,26,30,2865,11839
41.463,29,31,3090,10320
40.161,26,28,2865,11830
41.605,31,31,2609,11522
40.495,29,36,2738,10323
39.233,34,31,2451,11168
41.083,32,34,2962,11979
40.555,25,25,2602,10583
40.244,33,35,2366,10722
40.837,26,33,3083,10082
40.973,35,33,2992,10449
39.150,31,32,2950,10096
41.177,35,28,2559,11236
41.170,34,29,2845,10633
39.601,31,28,2325,10186
39.696,35,31,2412,10802
39.479,25,27,3033,12030
40.433,35,35,2900,11311
41.348,30,37,2380,12127
40.926,28,28,2693,11759
40.845,33,37,2585,12165
41.482,33,33,3037,10941
40.467,30,32,3054,11595
40.976,27,29,2510,11861
41.273,30,32,2351,10356
41.235,28,37,2771,11595
41.079,31,34,2874,12127
41.636,30,27,3003,12064
40.646,35,30,2610,11171
40.384,34,25,3086,11845
40.476,33,30,2966,11976
40.485,32,31,2796,11311
40.451,35,35,2663,11441
40.709,30,28,2978,10137
39.510,33,28,2693,11364
41.660,28,26,2524,11242
41.614,35,34,2830,10266
40.157,31,34,2539,10283
41.677,27,36,2597,11629
40.967,35,32,2512,11182
40.563,31,31,2472,10075
40.874,35,31,2624,10696
39.700,31,33,2936,11647
40.650,29,25,3111,12163
41.554,27,35,2986,11970
41.524,25,26,2503,11480
41.449,25,25,3038,10658
39.861,28,35,2848,11249
40.446,25,31,2932,12028
41.049,30,32,2484,10293
39.205,26,27,2572,11901
41.693,35,35,2381,11368
41.204,30,31,3054,11109
41.541,29,30,2569,10206
39.704,35,36,2771,10448
40.704,32,31,2922,11553
41.368,34,33,2611,10406
40.321,28,32,2651,11971
41.628,27,30,2934,10882
40.973,30,28,2819,10665
41.283,34,26,2968,10968
40.210,26,34,2990,11189
40.669,32,28,2925,10863
41.742,30,37,3108,11872
40.974,28,37,2851,10599
39.083,28,37,2836,11621
40.818,32,37,2384,11612
41.422,35,36,3089,10501
40.214,34,28,2546,11987
40.547,26,33,2998,11989
40.598,33,28,2346,10056
39.708,27,26,2696,11087
40.376,26,31,2868,10120
39.030,26,33,2511,11768
41.746,31,35,2659, 9987
40.046,26,29,2885,11467
41.683,32,31,2632,11559
41.682,34,29,2461,11828
41.565,32,32,2924,11731
40.525,33,37,2566,11525
40.692,25,31,3118,10186
39.928,29,26,2818,10944
41.579,25,27,2502,10775
41.131,33,34,2775,10185
41.339,30,31,2711,10008
39.493,30,36,2982,11580
41.144,25,26,2491,11415
40.889,32,34,3057,12122
41.524,30,25,2792,11192
40.743,35,30,2456,10344
40.271,33,27,2881,12001
40.957,32,32,2341,12167
40.947,34,27,3060,11771
41.340,33,29,2763,10081
40.605,33,36,2494, 9989
40.660,25,31,3028,10244
39.810,33,25,2948,11822
40.506,27,31,3067,11925
41.316,31,31,3001,12029
40.616,35,36,2795,11376
40.596,28,32,2751,10455
41.106,34,35,3045,11843
41.198,29,33,3098,11568
40.898,30,35,2444,11877
41.119,28,26,2539,11720
40.845,31,36,3022,10834
41.549,35,25,2827,11244
41.038,29,26,2558,11637
41.097,27,32,2818,10897
41.612,34,25,2942,10639
38.962,29,35,2364,11069
39.074,32,32,2733,11299
40.992,28,26,2542,11707
41.730,25,28,2832,11059
41.377,26,25,2764,10879
41.302,25,26,2660,10075
40.900,33,32,2998,10075
39.671,31,30,2775,11380
40.654,35,34,2886,10290
40.704,34,31,2391,10368
39.806,33,30,3069,11054
39.678,26,31,2397,11658
40.492,28,37,2390,11330
40.708,27,37,2438,11381
41.200,26,35,2723,11123
41.094,28,35,2972,11320
41.584,30,34,2663,11719
40.799,35,35,2530,10894
41.218,29,27,3028,10229
40.679,27,36,2501,10998
41.083,26,30,2971,10374
39.828,32,31,3002, 9996
39.872,32,37,2575,10026
41.255,35,28,2857,12053
40.522,25,30,2566,11645
41.026,30,28,2742,10983
40.823,30,35,2356,12167
41.697,31,36,2755,10491
39.484,26,31,2919,10740
41.378,32,31,2349,10926
39.789,25,33,2585,11180
41.083,30,26,2716,10797
40.071,27,25,2592,11569
40.990,30,26,2460,11147
40.907,35,31,2429,10514
40.402,28,37,2409,10573
39.866,28,32,2802,11057
40.409,30,27,2606,10728
40.282,26,33,2645,11742
40.960,28,31,2483,11828
41.010,26,26,2721,10009
41.539,30,32,2562,10625
39.869,32,31,2615,12117
40.634,35,34,3012,10428
39.406,29,29,2572,10290
40.955,26,32,2843,11206
40.448,31,28,2724,10103
40.717,31,31,2410,11191
40.863,35,36,2994,10930
40.362,34,29,2994,10445
41.306,34,28,2482,11541
40.871,26,35,2890,10946
41.753,34,33,3110,12165
41.735,32,28,2707,10905
40.159,30,32,2383,11750
40.663,26,31,2975,11997
41.572,29,25,2875,12023
41.518,27,29,2501,11025
40.545,33,31,2671,10211
40.966,34,30,3110,10316
40.137,26,28,2852,10410
41.748,32,32,2875,10751
40.768,33,37,3080,10890
40.620,29,27,2813,10765
40.054,35,37,2335,12058
41.214,26,34,2585,10088
39.569,30,31,2582,11644
41.320,32,34,2938,10197
40.320,28,36,3034,10717
39.952,27,30,2344,11285
40.991,33,31,2961, 9987
41.010,25,29,3111,11130
41.345,27,28,2667,11649
40.395,32,31,2789,10972
39.105,31,32,3101,10288
39.701,25,33,2513,11941
41.651,34,31,3014,10203
41.623,30,36,2787,11560
41.511,35,31,2750,11320
41.339,35,33,2430,10668
41.520,32,31,2815,11508
41.603,35,36,2732,10182
41.389,35,29,2788,10675
40.840,32,34,2499,11970
40.895,30,25,2380,11107
41.512,31,34,2576,11095
41.170,32,27,2973,11327
40.465,26,35,2388,10760
40.270,25,34,2486,10472
40.588,28,30,2606,11702
41.500,31,28,2414,10312
39.223,26,37,2730,10102
39.549,30,34,2971,11680
41.191,28,25,2993,11801
41.359,35,34,2852,11773
40.396,32,30,3011,10908
41.259,28,30,2637,11637
41.456,25,36,3116,10097
40.227,25,26,2731,12180
41.632,26,27,2956,10028
39.170,29,30,2705,10035
39.270,30,35,2614,12061
41.345,34,26,2806,12106
41.099,33,28,2736,11549
40.682,32,36,2515,10425
39.250,33,35,2817,11237
40.523,25,26,2445,11750
41.754,29,31,2835,10614
41.087,34,29,2613,11474
40.980,32,37,2442,12170
41.721,32,35,2802,11001
39.339,29,32,2467,10432
38.974,35,25,2573,12038
41.076,31,27,2674,10174
39.171,30,28,3009,10926
40.964,35,36,2419,11565
41.120,30,34,2622,10691
41.106,28,26,2844,11873
40.681,25,36,2374,11990
40.572,30,34,2717,11236
41.600,27,31,2721,10281
41.229,33,31,2790,11054
39.632,32,28,2553,12066
41.330,32,37,2750,10859
40.913,34,31,2546,10767
41.739,34,36,3076,10937
39.951,29,36,2601,10781
41.563,30,35,2645,10467
39.919,27,28,2720,10159
40.120,30,31,2662,10223
39.927,33,35,2747,11097
40.813,30,31,2991,10958
41.302,26,31,2498,10666
41.281,30,30,2718,10252
39.598,35,25,2535,10805
41.129,30,25,2701,11104
40.633,29,26,2466,11232
41.019,27,37,2368,10159
40.353,32,37,2525,11027
41.630,25,33,2998,11397
41.248,32,30,2600,10049
38.993,27,26,2383,11505
41.671,35,31,2343,11249
41.549,30,30,2519,11309
40.871,31,27,2928,10622
41.085,34,37,2341,11749
41.644,25,33,2813,11995
41.175,33,25,2923,11808
40.379,35,36,3056,11631
40.673,29,25,2395,11156
41.703,26,32,3116,10248
39.867,33,37,2765,12178
41.340,31,28,2992,10030
41.359,28,32,3016,10043
40.975,30,36,2974,10358
41.232,30,37,2390,12057
41.607,29,29,3093,10580
40.624,25,35,2440,10166
40.769,30,27,3025,11132
41.049,34,34,2660,11586
41.449,31,34,2753,11164
41.318,33,34,2534,11957
41.278,32,30,2622,11819
41.156,35,26,2575,11135
41.080,29,32,2418,11935
41.191,25,31,2656,11390
41.140,25,32,2774,12051
41.187,27,28,3045,11902
41.135,30,31,2729,10353
40.614,35,37,2784,11492
41.726,35,33,3060,10265
39.210,30,31,2710,10686
40.346,33,25,2347,11660
40.426,33,35,2577,10482
40.247,33,33,2955,10405
41.590,30,36,2772,11419
41.736,30,26,2854,10522
40.739,30,34,2404,10586
39.786,25,26,2762,11846
40.536,27,28,2667,10778
40.818,35,35,2651,10952
41.386,33,31,2883,10273
39.070,30,28,2482,10037
39.320,27,25,2477,11572
40.488,35,25,2723,11319
41.556,35,32,2920,10259
39.767,30,26,2733,10538
40.874,32,31,2561,10218
40.037,35,28,2748,11003
40.364,25,30,2402,10192
39.977,33,32,2684,10462
39.116,35,28,2364,11701
41.491,32,32,2674,10213
39.747,29,31,2675,10395
41.348,26,34,2626,11998
41.400,34,27,2698,10105
40.258,34,34,2462,11105
41.427,27,35,2611,10413
39.396,33,32,3008,11116
40.880,33,34,2504,11422
41.416,27,25,2987,10230
41.072,29,31,3080,11122
40.861,30,34,2621,10055
39.456,26,29,2577,10683
40.146,32,36,2794,11763
41.030,33,27,3055,10290
39.908,33,37,2739,11075
41.328,28,26,3069,11135
40.861,25,31,2586,12006
40.466,30,30,3038,12103
40.704,32,36,2963,11112
41.180,35,34,2996,10472
41.241,28,29,2577,10451
41.560,29,25,2563,11436
41.098,30,28,2856,11467
41.055,26,35,3015,10328
40.528,29,31,2521,10497
40.981,30,27,2651,11533
40.510,31,28,2705, 9989
39.696,30,27,2873,11360
41.637,29,29,2642,10753
41.171,32,32,3021,10672
40.724,30,31,2753,11074
41.399,25,28,2600,10123
39.147,33,27,2704,11859
40.724,34,32,2605,10685
40.520,35,25,2372,10763
39.162,26,29,2424,11734
40.780,30,31,2592,10390
40.995,30,32,3008,10562
41.404,31,36,2729,10534
41.460,30,25,2695,11298
40.871,25,31,2726,10358
39.296,29,34,2405,11516
41.746,35,36,3022,10827
39.843,31,31,2502,10362
40.701,34,34,3005,11247
40.664,35,25,2831,11966
41.624,32,31,2351,10522
39.949,27,29,2541,10972
40.030,27,31,3097,10317
40.993,26,30,3065,11794
40.385,30,31,2963,11555
41.306,31,29,2868,11852
41.583,28,29,3097,11699
41.470,30,28,2451,10238
40.929,30,33,2427,11357
40.555,30,25,3057,11942
40.752,30,28,2865,11609
41.053,27,35,2960,10946
38.956,35,31,2475,11256
40.935,34,28,2746,10569
41.021,33,36,2870,11081
40.565,30,28,2683,10258
39.033,33,32,3068,10858
41.483,28,32,2378,10459
41.587,28,25,2691,10591
39.835,31,31,2869,11402
41.084,31,25,2874,10354
40.599,31,32,2730,10955
40.090,25,29,2647,11930
41.258,30,28,2689,11730
40.660,34,35,2619,10807
41.422,33,26,3034,11269
40.383,30,29,2814,10352
39.948,29,37,2512,11185
40.397,30,27,2633,11512
40.706,30,30,2999,11462
41.416,27,31,2478,11354
41.245,29,31,2742,11261
41.194,33,30,2591,12158
40.910,30,31,2646,12065
41.017,28,36,2643,10811
39.470,31,37,2753,12076
41.653,26,28,2698,11478
40.891,30,37,2790,10487
39.887,34,27,2670,11895
40.430,32,36,2610,11043
40.760,29,26,2995,10335
40.096,33,37,2885,12022
41.239,30,28,2539,10069
39.169,35,30,2718,12168
40.759,27,37,2494,11023
40.726,26,30,3078,11981
41.619,30,32,2797,11105
40.949,26,29,2906,11947
41.297,28,36,2622,11110
41.078,25,25,2427,10390
39.889,26,34,3053,11129
41.697,34,37,2931,10800
41.413,25,26,2427,11718
41.165,29,35,2988,10350
40.668,34,32,2368,10220
39.347,32,31,2413,10625
39.750,34,31,2551,11693
41.378,33,28,2367,11462
40.604,31,31,3046, 9991
41.705,28,37,2746,10643
40.435,33,36,2567,11024
40.572,31,26,3014,11767
40.475,27,29,2675,10574
40.453,30,26,2345,11241
40.574,29,31,2883,10533
40.067,26,30,2923,11122
41.375,32,28,2399,10239
40.324,32,31,2617,10864
41.728,34,37,2750,10424
39.793,29,33,2671,11545
41.188,30,34,3066,11229
40.792,34,26,2334,11982
40.721,33,26,2637,10109
40.397,33,32,3010,10381
41.540,34,31,3094,11721
41.257,35,26,2481,11453
40.372,34,31,3078,10147
39.910,27,25,2677, 9991
41.437,30,31,2724,11059
40.573,31,30,2891,10849
39.810,35,31,2650,10777
40.855,33,37,2784,11992
41.771,30,31,2864,11022
40.712,26,34,2419,12082
40.786,26,25,2468,10259
40.822,30,37,2961,10198
41.314,25,37,2862,11286
40.640,34,29,2722,10242
40.800,27,27,2363,12104
41.696,31,29,2606,10150
40.269,27,31,2773,11544
41.633,33,29,3074,10254
40.086,35,29,2937,11994
40.636,35,37,2513,12077
40.699,33,35,2444,11194
41.171,30,30,2573,11639
40.967,32,26,2680,11160
40.988,35,27,2485,11859
41.063,28,30,2862,10146
41.744,32,35,2801,11708
41.153,33,36,2465,11437
41.452,34,28,2631, 9994
40.671,30,26,3047,10781
40.732,32,27,3054,10693
41.741,34,28,2680,10651
41.026,26,26,3010,11670
41.350,32,31,2475,10279
40.551,34,29,2688,11700
41.529,28,32,2355,11926
40.827,35,26,2908,10707
40.570,28,26,3045,10437
39.962,31,37,2535,11937
40.909,35,34,2638,12129
41.254,25,34,2410,10454
39.873,33,31,2679,11905
41.213,28,37,3001,11798
41.755,31,31,2466,10380
40.059,30,33,3003,11944
41.585,25,30,2348,10286
40.134,29,26,2384,10562
41.293,28,32,2532,11542
41.450,30,32,2495,10469
41.398,30,32,2558,10752
39.839,25,25,3068,11132
40.811,25,35,2564,11659
41.748,26,25,2673,11555
41.704,28,32,2970,10500
38.962,33,33,2394,10709
41.720,25,31,2710,12100
41.109,29,31,2806,11940
40.871,33,26,2653,11928
41.692,34,35,2973,11235
41.444,29,25,2658,10907
41.026,30,28,2433,10280
39.015,34,34,2670,10134
40.418,31,35,2507,11666
40.697,34,33,3053,11857
40.999,35,36,3000,11603
40.439,35,35,2453,11170
40.505,35,31,2591,10938
40.236,29,37,3032,10057
39.776,29,32,2854,11249
41.352,30,25,2782,12154
41.094,35,26,2827,12142
40.656,35,30,2569,11019
41.656,28,26,2353,10556
39.188,30,33,2428,11755
40.452,27,37,2697,11872
41.147,31,36,2553,10465
40.560,26,31,2932,11518
40.425,33,32,2570,11194
41.693,28,31,2387,11826
41.069,34,30,2808,11064
41.171,28,27,2683,10901
40.128,28,27,2606,10602
39.867,28,35,2343,11175
41.193,34,31,3007,10444
40.730,31,33,2943,11239
40.705,30,29,2949,11625
41.260,28,35,2410,10325
40.013,34,37,2916,10663
40.038,32,33,2961,11218
41.156,34,32,2641,11772
40.912,30,33,2655,11867
41.566,25,35,2539,10202
40.719,26,34,3076,10082
39.778,34,32,3080,10561
38.983,26,36,2986,10904
40.037,28,35,3114,10592
39.541,32,29,3077,11468
40.417,32,36,2952,11441
41.301,26,26,2923,10774
40.788,30,37,2689,10064
40.844,30,31,2563,10504
41.601,30,33,2689,10891
40.334,33,25,2326,10356
39.542,32,35,2810,11614
41.653,31,32,3036,12018
40.516,33,27,2980,11662
40.476,34,27,2994,10064
39.703,29,30,2554,10496
41.479,30,25,3050,11142
41.538,27,29,2616,11471
41.067,25,36,2720,12174
41.735,32,29,2813,11004
39.097,30,32,2947,10964
40.733,29,25,3077,10960
39.727,31,28,2823,11303
41.730,34,32,2534,11264
40.959,33,35,2489,11157
41.226,27,37,3050,10602
39.142,31,25,2674,11344
41.262,30,33,2468,10715
40.506,35,31,3056,10375
41.598,30,27,2939,10469
39.899,27,35,2685,10057
41.729,34,29,2353,11369
40.612,35,34,2331,11922
41.428,34,37,2834,10688
41.360,25,35,2784,10683
39.342,35,25,2655,11952
40.881,31,25,2351,11853
41.163,30,35,2360,11470
40.721,30,27,2739,12172
40.379,34,26,2605,12066
41.695,26,31,2328,10579
39.696,26,34,2412,10362
39.130,33,31,2638,11484
41.751,30,25,3015,11535
40.709,27,37,3070,11444
41.676,25,29,2402,11529
40.755,27,31,2906,10712
39.271,30,27,2350,10678
40.029,29,36,2926,11739
41.675,30,37,3059,11978
41.717,34,31,2436,12118
41.393,26,30,2394,10961
38.956,34,29,2327,10405
41.633,26,31,2938,10024
39.989,30,37,3016,10208
41.540,34,37,2538,11561
41.707,33,27,2996,11116
41.268,34,37,2576,10015
41.052,28,28,3114,10920
39.306,27,32,2571,10880
39.569,27,25,2809,11795
41.680,29,26,2407,11661
40.477,30,28,2846,10256
41.224,35,36,2517,12043
41.136,32,28,3051,11995
40.830,30,37,2389,11991
40.497,26,31,3016,11170
41.586,25,28,3065,11087
41.681,30,25,2457,11916
40.482,26,35,2809,10799
41.064,29,27,2460,10043
41.475,32,25,2478,11451
40.379,28,37,2418,11839
41.663,35,29,2336,10440
40.081,33,36,2686,10952
41.755,25,32,2672,11208
40.375,32,27,2506,10062
40.553,26,33,2857,12086
41.744,30,26,3093,10708
41.207,32,29,2973,10189
39.972,32,31,2578,12015
40.541,26,31,2432,10560
39.211,30,31,2709,10744
40.002,27,34,2576,10079
41.033,31,33,2529,11135
41.275,31,35,2590,11663
41.274,32,27,2797,10743
40.273,35,33,2862,11468
40.423,27,34,2536,11500
40.740,25,37,2338,11915
41.320,26,31,3002,12011
41.684,30,28,3062,11751
40.843,35,29,2332,11609
41.759,26,31,2392,11255
40.630,28,36,2507,11764
41.641,29,28,3117,11442
41.148,27,28,3011,10189
41.768,29,32,2891,10422
40.030,30,32,2693,12085
40.392,33,33,2444,12036
40.544,30,34,2416,12092
41.742,28,32,3013,10824
40.650,25,30,2664,11587
41.424,30,27,2460,11268
41.257,27,34,2942,10451
41.139,25,37,3030,10936
40.967,28,33,2452,11328
41.687,32,30,3021,11726
40.562,28,32,2700,11000
40.916,27,27,2646,11258
41.024,30,29,2777,11446
40.719,29,35,2599,10599
39.935,34,28,3107,11932
41.009,27,28,2617,12139
41.758,31,25,2819,10030
40.039,25,29,2366,11396
40.573,32,31,2560,12038
41.621,30,29,3046,10731
40.130,30,36,2608,10736
39.810,25,31,2506,10115
40.336,28,26,2953,11271
40.817,31,36,2514,12134
41.069,32,30,2446,10434
39.505,32,31,2513,12058
40.516,27,33,2638,11801
40.517,32,29,2470,10677
39.630,33,36,2474,10632
41.443,34,26,2909,11849
40.570,32,30,2370,10742
39.299,35,33,2782,11483
40.823,28,29,2377,10682
40.049,27,29,2720, 9986
40.965,30,28,3089,11244
41.768,34,31,2451,11324
41.573,34,33,2622, 9997
39.492,30,32,2943,10217
41.657,26,33,2701,11592
41.021,32,34,2721,11569
40.618,28,31,2466,11600
41.227,26,35,2731,11756
41.000,28,27,2756,11141
41.365,28,32,2440,10799
39.744,30,29,2869,11959
41.235,31,26,3020,10862
40.492,29,34,2993,10737
40.269,30,31,2693,10331
41.658,26,35,2653,11316
40.961,29,29,2514,12146
40.748,30,36,2735,10076
39.262,30,36,2389,10182
39.645,30,33,2627,10984
40.393,30,34,2628,10085
39.886,35,27,2765,11167
40.736,30,31,2624,12179
41.371,33,31,3005,11930
41.618,31,28,2645,11703
40.784,30,32,3087,10041
40.644,27,34,2522,10840
40.332,31,29,3023,11561
41.285,34,25,2602,12059
40.556,25,36,2691,10709
41.456,30,32,2830,10518
41.773,26,31,2479,11978
40.901,30,29,3037,10245
39.060,34,36,2678,11487
40.657,26,31,2937,11416
41.568,33,26,2675,10752
41.075,25,32,2531,10928
40.873,26,27,2654,11187
41.116,26,36,2679,10991
39.739,28,32,2865,10707
39.959,28,31,3107,11567
41.389,27,31,2600,11782
40.428,30,33,2747,10270
40.707,29,31,2906,10456
38.972,27,32,3006,11374
41.577,28,31,2853,10129
41.568,34,29,2484,11763
41.045,35,31,2395,11774
40.482,32,34,2824,11692
41.602,33,25,2642,12110
40.911,28,26,2528,10851
39.754,35,27,2955,10578
40.349,35,31,2778,10904
41.620,26,25,3033,12117
40.820,26,28,2473,11047
39.613,33,31,2627,10230
39.100,30,31,3022,10765
39.902,30,34,2921,10406
39.555,29,35,3069,11981
41.597,25,29,3095,11975
41.638,32,25,3046,11073
40.200,30,37,2493,10492
40.554,25,28,3091,10112
39.766,35,26,2569,10047
40.934,26,34,2574,11064
40.232,28,25,2554,11792
41.238,25,37,2611,11115
40.577,27,33,3019,11736
41.050,31,36,2383,11336
40.701,34,36,2463,10072
41.391,31,37,2333,11122
41.304,33,37,2682,11458
40.548,30,29,2800,11774
40.781,29,33,2974,10496
40.149,29,35,2383,11830
41.537,35,35,2464,11953
41.087,28,32,2630,10661
41.653,26,37,2706,10738
41.410,26,26,2998,11565
41.773,31,30,2888,11657
40.641,34,36,3095,11311
41.337,34,33,2990,11522
41.415,30,37,2767,10304
39.079,34,33,2963,11717
41.723,30,26,2485,10827
41.391,32,28,2931,12002
41.090,29,28,2834,11933
41.633,35,25,2962,11907
40.757,28,28,2444,11182
41.112,27,31,2411,11471
40.823,27,34,2824,10122
41.622,34,34,2378,11646
41.299,35,29,3111,10582
41.151,27,28,2823,10981
39.582,27,26,2696,10990
39.269,33,31,2452,11065
41.522,28,26,2539,11048
39.175,26,34,2860,11617
40.980,28,36,2701,10199
40.091,28,28,2772,10793
39.125,31,31,2735,11985
41.584,30,34,2407,10915
39.829,30,36,2520,10545
41.379,34,30,2656,10312
39.747,32,31,3020,10300
39.959,26,30,2905,10199
41.303,28,25,2566,10572
41.326,34,30,2448,10156
39.255,29,37,2954,11323
40.511,32,25,2679,11376
40.984,26,31,2742,11859
41.427,27,35,2630,11554
40.487,31,26,2908,12021
40.414,30,33,2560,10555
40.279,28,31,2828,12023
40.487,29,34,2672,10749
40.298,30,35,2527,10798
39.014,26,27,2781,10681
40.543,28,33,2777,10145
40.194,25,31,2767,10065
41.354,27,31,3058,10374
40.923,27,31,2995,11862
40.837,30,31,2479, 9981
41.554,29,33,3080,12071
41.449,31,32,2879,12060
40.885,30,25,2646,11176
41.417,30,37,2662,11323
40.590,31,30,2466,10465
41.605,35,34,2752,10931
39.273,35,34,2554,11314
40.515,35,32,2423,11768
41.551,34,31,2479,12016
41.707,34,35,2402,11197
40.885,26,34,2661,11858
41.543,34,37,2463,12016
41.558,29,25,2634,10018
40.496,25,27,2653,11569
41.623,33,34,2457,10553
41.262,29,32,2528,12006
40.721,31,35,2846,10766
40.370,26,30,3007,11411
41.144,32,28,2406,10985
41.693,26,37,2708,10652
40.192,31,29,2683,10873
39.759,25,29,3084,10639
40.822,27,31,2798,10358
40.315,30,34,2452,10556
40.736,33,36,2937,10868
38.963,30,33,2517,11257
40.474,29,31,2404,11016
39.840,29,36,2371,11515
40.416,30,27,2781,10003
39.579,33,31,3049,10614
41.385,25,35,2651,10763
40.745,33,36,3001,10253
39.603,35,29,2493,11718
41.235,32,32,2669,11595
41.076,26,34,2500,12034
41.046,30,36,2642,10263
39.128,30,37,2797,11181
40.903,27,29,2870,11014
39.288,28,27,2811,10383
39.339,27,32,2322,10741
39.142,32,35,2839,12064
41.738,30,29,3043,11841
40.803,34,35,2878,10769
40.074,30,28,2833,10742
41.428,32,31,2945,10175
40.639,28,25,2421,10697
41.359,25,28,3041,11427
41.617,32,31,2860,11249
41.246,32,26,2827,11708
40.804,30,37,2660,10715
40.965,26,33,2618,10589
41.539,25,30,2541,11825
40.930,30,29,2363,10154
40.578,33,33,2641,10266
39.918,32,31,3069,11970
41.441,30,28,2333,10933
39.937,25,36,2743,11304
41.088,26,26,2552,10358
40.309,35,34,3094,12148
40.690,35,30,3070,12018
40.779,27,28,2433,11837
41.557,25,31,2569,10173
39.644,31,35,3032,11469
41.554,29,33,2878,11048
40.609,25,34,2859,10316
41.020,31,34,2930,11685
40.367,29,34,2590,10701
41.050,27,36,2837,11449
41.691,29,34,2706,10647
40.666,27,31,3040,10128
41.724,30,30,2966,10002
40.223,30,25,2616,11783
41.426,30,35,3114,10344
39.344,27,26,2889,11913
40.694,25,33,2862,11731
41.082,27,34,2795,10410
39.145,33,31,2666,11882
41.021,30,25,2981,11578
41.226,28,31,2544,10028
40.288,34,26,2790,11635
41.621,33,35,2648,11195
40.390,28,33,2378,11339
41.190,32,31,2991,11268
41.075,25,31,2812,11977
41.484,34,30,2783,10936
40.268,28,30,2975,10408
39.242,32,34,2804,11574
40.412,25,31,2484,10546
41.699,25,30,2491,11412
40.459,28,27,2760,10384
39.081,30,28,2348,12165
41.364,34,28,2557,12011
41.152,30,31,2748,10974
40.825,30,34,2891,10064
39.591,33,35,2947,11759
41.717,35,36,2597,10154
39.357,32,27,2503,11929
41.517,32,35,2903,11619
41.521,25,27,2790,11865
41.529,30,26,2888,11510
41.185,30,35,2382,11090
40.529,30,37,2674,11899
41.046,30,37,2955,11148
41.504,25,28,2637,10703
39.045,26,32,3027,11062
40.516,34,31,2874,11729
40.679,30,32,2329,10571
39.368,30,29,2717,12136
41.266,26,26,3017,12147
40.695,29,29,2674,10931
39.051,27,30,2759,11579
40.683,33,26,2668,11480
40.597,29,31,2499,10520
41.208,28,25,2803,11699
40.656,26,33,2621,10972
39.357,30,33,2876,11400
41.616,30,31,2955,11451
41.461,33,31,2681,11466
41.327,30,37,2373,10406
39.497,28,25,2806, 9993
40.837,26,34,2325,10871
40.944,30,37,3099,11059
40.660,33,31,2458,11487
41.749,35,29,2460,12116
40.942,35,36,2770,11024
41.033,32,31,3054,11954
40.925,33,36,2947,10733
41.026,32,35,2403,10060
41.617,30,34,2686,10854
39.678,35,30,3102,11876
41.533,26,25,2929,11055
39.095,33,28,2776,11401
41.207,31,33,3009,11758
41.438,32,37,2334,11403
40.493,34,28,2846,11264
41.638,28,28,2742,12134
40.872,32,29,2546,10036
39.740,26,25,2787,11637
41.260,28,29,3092,11412
40.734,28,30,3079,11177
40.429,31,30,2948,11784
40.764,34,34,2697,11688
41.629,29,35,2427,10300
40.372,29,25,3061,11923
40.930,28,26,2591,10270
40.675,27,27,2878,12152
41.414,25,35,2989,11628
40.400,29,37,2582,10651
39.158,30,30,3106,11739
41.359,32,34,2527,11535
41.532,31,33,2599,11449
40.619,33,31,2862,10345
39.011,25,27,2634,12168
41.573,34,33,2798,11505
41.639,28,34,2821,11783
40.990,35,35,2981,12048
40.824,29,27,2768,10620
39.931,28,32,2726,12063
40.750,26,29,3022,10251
41.150,26,31,3043,10325
39.515,34,37,2939,11920
41.409,33,34,2463,10770
41.316,28,29,2838,11382
40.908,25,26,2583,11807
41.354,30,34,2948,11459
40.574,29,27,2674,11329
41.350,35,26,2678,10119
40.666,28,32,2410,11472
41.163,30,28,2457,11296
41.006,31,33,2567,12100
41.598,35,30,2509,11547
41.529,27,30,2747,10915
39.189,35,37,2637,10436
40.118,25,30,2576,11389
40.892,30,36,2570,12028
40.915,30,32,2505,10133
41.324,35,33,2890,10629
40.116,31,28,2988,11458
40.707,25,27,2565,10044
40.573,26,28,2531,11989
40.771,25,28,2451,10053
39.954,32,30,2739,11220
41.210,32,36,3043,10183
41.400,27,30,2751,11011
40.553,32,35,3002,11479
40.564,32,31,2499,11119
40.697,33,31,2616,11584
40.432,30,25,2706,10889
40.894,30,34,2475,12137
40.738,31,28,2660,10798
40.606,32,27,3045,10081
41.011,26,28,2896,10989
39.191,34,26,2597,10791
39.435,27,27,2983,10193
41.755,33,28,2852,11622
41.439,25,32,2752,10352
41.099,31,29,2518,11457
40.613,26,34,2703,10001
39.967,28,31,2631,10418
41.585,31,26,2329,10696
41.740,33,32,2675,10962
40.350,30,33,2616,11458
40.936,34,33,2828,10508
41.606,35,35,2444,11570
41.307,26,34,2835,11171
41.464,30,35,2594,10418
41.460,28,35,2694,11048
41.723,25,37,2828,11712
41.381,34,28,2647,10776
39.248,30,34,3110,12166
40.929,30,35,2946,10103
40.283,32,32,3072,12064
41.236,28,31,2636,10635
40.511,34,30,2666,11182
41.346,27,36,2338,10694
41.564,33,37,2711,10211
40.333,27,27,3054,10802
39.564,26,26,2685,10947
40.006,35,33,2432,11626
40.652,28,29,2938,10834
39.023,30,29,2586,10859
40.787,31,33,2900,10358
40.751,30,29,3096,11449
41.330,30,27,2963,11045
40.030,31,32,2666,11750
40.843,26,33,2996,10869
41.325,34,26,2811,11573
41.261,27,34,2842,11898
41.768,25,35,2957,11636
41.750,25,28,2722,10417
41.671,27,34,2410,10943
41.513,35,25,2681,10845
40.679,35,35,2999,11654
40.407,29,29,2415,11242
40.943,35,31,2867,11034
39.288,34,28,3103,11357
40.588,32,37,2886,11168
41.648,30,32,2968,11803
40.909,34,36,2897,10385
41.647,34,31,2838,10415
40.674,33,27,2987,11841
41.507,33,29,3002,10500
41.516,32,29,2813,10730
39.699,25,30,2509,10125
41.316,31,30,2348,10030
39.193,31,29,2328,11364
40.543,27,36,2739,10687
40.130,32,30,2773,11907
41.683,28,33,2746,11045
40.358,28,35,2571,10226
39.789,27,27,2942,11550
41.558,34,34,2566,10667
40.463,35,30,2349,11976
41.207,31,34,2984,11694
40.794,26,35,2695,10293
39.465,25,32,2625,11638
40.488,31,35,2746,11339
41.415,27,28,2515,11575
40.884,31,37,2437,10495
41.148,30,29,3089,10831
39.970,34,25,3010,11349
41.074,31,26,2823,10563
41.127,32,33,2579,11470
41.637,25,31,2662,11979
41.695,26,30,2761,10951
40.080,27,34,2505,10105
41.650,27,33,2505,11038
41.083,33,31,2818,11797
41.276,26,25,2736,10850
39.884,25,35,2553,11185
40.559,29,36,3039,11739
41.172,29,36,2381,11526
41.736,25,35,2916,11059
39.631,32,29,2344,12006
41.198,25,31,2685,12052
41.346,35,32,2419,10618
39.470,29,30,2587,11899
40.400,31,28,2537,10221
39.369,31,25,2634,11064
40.185,28,30,3017,10237
41.270,33,25,2430,10367
41.190,33,29,2782,11259
40.663,34,31,2673,10396
41.054,31,27,2872,11405
41.443,25,34,2440,10410
40.776,34,28,3056,10862
38.971,31,31,2700,11079
40.385,35,32,2886,10382
41.277,31,35,2337,11700
41.014,35,30,2469,11018
41.494,35,32,2438,11764
40.585,33,27,2953,11013
41.587,26,34,2430,11738
41.633,30,34,2368,11625
40.487,26,34,2399,12166
41.155,34,37,2782,11662
40.643,30,26,3035,11836
41.361,28,32,2703,11231
40.739,28,30,2851,10570
40.369,25,28,2822,10971
39.022,26,30,2840,11831
40.500,32,33,2866,10209
40.947,27,36,2595,10618
40.387,27,25,3119,12131
40.699,30,31,2612,10144
41.603,29,32,2455,12086
40.429,26,30,2388,11512
41.690,29,25,3039,11527
41.179,31,28,2335,11417
41.598,26,31,2519,10628
38.954,33,36,2548,10824
39.686,35,31,2919,10836
40.093,26,32,3112,10428
41.359,26,32,2425,10766
40.020,27,36,2387,11337
41.092,35,27,2584,11136
40.475,28,32,2440,10290
39.742,31,37,2474,11403
41.063,35,26,3049,10425
39.231,35,30,2873,11777
41.418,35,36,2354,12011
40.719,25,25,2375,12016
40.513,31,37,2729,11502
41.401,30,32,2699,10513
39.753,34,31,3083,11148
40.751,31,30,2603,10882
41.313,28,35,2872,10058
40.007,31,37,2877,10958
40.446,34,37,2631,10485
40.210,33,36,2455,11533
40.843,30,37,2907,11505
41.127,29,35,2547,11917
41.112,27,35,2420,10310
39.288,32,34,2710,11193
40.420,25,33,3111,10377
39.339,32,26,2531,12064
40.988,27,28,2522,11070
39.627,34,37,2939,11567
41.170,28,31,2638,10255
40.007,26,27,2543,10924
39.758,25,29,2541,12171
40.710,35,34,2771,11755
41.664,26,27,2628,11148
41.257,30,35,2914,12048
41.328,26,35,2908,11460
41.550,35,37,2498,11847
41.318,35,30,2700,10715
41.661,35,32,2619,10050
39.167,33,33,2844,10158
40.931,27,36,3067,11657
40.937,29,32,2840,11860
41.355,35,33,2699,10956
40.338,31,31,2599,11065
41.346,30,35,3077,11580
41.488,26,31,2339,11653
40.953,27,36,2652,10431
40.278,25,30,2843,10028
39.001,33,25,2480,11747
41.216,25,31,2392,10351
39.459,30,31,2614,10060
39.255,28,35,2771,10234
40.059,34,36,2914,10273
40.450,34,25,2449,11025
40.293,33,27,2592,10935
40.638,34,26,2355,11935
41.695,29,31,3079,12050
41.736,25,36,2786,10296
41.070,26,32,3083,11079
40.033,35,28,2482,10168
40.420,35,37,2433,12118
41.264,27,33,2370,11309
40.667,32,37,2692,10091
40.167,26,37,2403,10635
40.759,25,32,3107,12062
41.494,27,27,3099,11034
40.710,33,34,2737,12111
40.950,30,28,2827,10822
40.492,34,28,2980,12075
41.467,30,29,2632,11817
40.982,31,37,2514,10865
40.808,32,25,3000,11087
40.445,32,29,2643,10690
41.218,34,26,2679,11068
41.528,25,26,2707,10875
40.723,34,26,2338,11458
40.494,31,31,2871,11755
40.425,28,26,2566,10240
40.074,25,30,2888,10092
39.314,33,26,2576,11444
40.942,32,25,2596,11999
41.592,27,32,2795,10545
39.907,33,25,2726,11445
40.522,30,36,2736,10474
41.231,25,36,2342,11654
41.467,32,32,2820,11945
41.277,26,25,3071,10339
41.426,29,27,2583,10726
41.415,34,37,2326,10099
39.952,32,31,2411,10794
41.608,33,33,2397,10739
41.243,26,27,2539,11405
40.549,25,35,2867,11731
40.429,32,34,2380,11609
41.054,25,33,3080,10668
39.669,35,28,2999,10674
40.225,30,37,2991,10197
40.513,27,27,2888,12099
41.609,30,31,2716,11510
41.460,27,27,2431,10184
40.917,27,34,3018,11400
41.544,33,31,2729,11973
41.267,33,25,2647,10639
39.160,28,25,2606,12118
40.586,31,34,2955,11473
41.365,30,27,3074,12020
41.152,27,34,2429,10310
39.735,25,34,2586,11926
41.579,28,37,2707,10747
39.532,29,33,2593,10955
41.309,25,36,2340,11720
41.114,31,27,2499,11142
41.216,35,34,2597,10575
40.979,26,35,3059,10192
41.412,30,35,2796,11912
41.122,29,34,2901,10734
40.659,31,29,2400,11253
40.732,27,35,2470,11674
40.933,35,25,3012,11842
41.683,34,37,2356,11812
40.448,30,33,2353,10792
40.482,28,32,2832,10509
41.707,33,31,2592,10405
39.055,31,37,2969,11237
40.636,31,35,2710,10878
39.692,33,29,2553,11986
41.081,33,25,2929,10725
41.711,30,36,2332,10321
40.923,32,26,2399,11234
41.665,30,35,2974,10920
40.754,33,32,2916,11230
41.114,33,29,2741,10018
41.229,31,26,2410,11253
40.924,26,36,2547,12015
40.931,30,26,2783,11420
40.970,30,34,2724,10925
40.526,25,37,2848,11307
41.537,29,31,2351,11924
41.055,35,29,3080,10304
41.593,26,32,2693,10269
41.630,33,36,3085,10625
39.925,29,25,2409,10822
40.823,28,30,3024,11762
41.682,30,30,3022,11627
41.500,33,36,2453,11885
41.765,26,32,3004,10281
39.524,33,31,3074,10706
40.015,27,35,2556,11448
41.288,30,37,2831,10701
41.300,34,31,2497,11364
41.370,32,31,2401,10620
39.252,35,26,3030,11316
41.485,34,29,2367,10632
41.764,30,36,2861,11295
41.663,34,34,2651,11584
40.834,33,26,2530,12073
41.524,28,33,2879,11490
41.551,34,27,2915,11538
41.464,29,34,3113,11604
41.620,34,31,2969,10016
40.328,30,37,2649,11586
40.809,31,29,2709,12092
41.607,27,33,2853,10982
41.465,26,30,2375,10135
39.470,29,28,2815,12017
41.641,25,34,2977,12030
41.584,30,27,2361,11625
41.359,31,35,2378,10965
40.392,30,33,2541,10763
40.951,34,28,2451,12106
41.035,33,25,2878,10826
40.650,30,26,2897,11230
41.739,34,34,2539,10833
41.279,30,29,2699,10701
39.075,25,36,2608,10072
39.958,26,31,2553,11765
41.694,31,31,2505,12156
41.399,27,34,2773,10059
41.054,30,32,2847,10824
40.948,29,32,2838,10647
39.772,30,28,3073,11736
41.443,31,31,2663,11690
41.747,27,34,3052,12030
40.938,33,31,2735,11044
39.147,25,35,3108,11464
41.714,32,31,2443,11275
41.485,25,33,2708,12057
40.732,29,36,2657,11515
40.822,28,35,2944,11382
40.694,28,31,2830,10776
39.102,31,32,2349,11671
41.726,25,37,2456,11149
41.277,30,28,2719,10287
40.436,30,36,2688,11147
40.963,34,31,2633,11906
41.310,30,28,2639,10707
40.043,28,35,2657,10801
41.557,30,35,2739,10984
40.689,34,31,2330,11591
40.564,34,25,2482,10241
39.495,26,27,2933,11895
40.602,30,30,2645,11588
41.488,33,31,3093,11222
40.734,31,25,2425,10119
41.312,31,34,2646,11681
40.980,30,35,2872,10835
39.492,25,29,2711,11096
40.514,35,37,2894,10449
39.521,31,34,2790,11788
41.653,27,33,2701,10758
39.733,26,30,2855,11837
40.437,31,31,2808,11525
41.185,35,32,2748,10006
40.854,29,34,2781,11479
40.836,28,30,2899,11674
40.634,30,36,2344,11991
41.503,29,28,2873,11848
40.748,30,32,2800,11187
40.969,30,25,2836,11974
41.019,29,28,2475,10293
40.067,25,25,2672,12053
41.672,35,36,2422,11963
41.364,31,31,2424,11262
40.757,26,31,3085,11596
41.169,30,32,2737,11980
41.035,29,25,2848,11743
40.396,34,26,2471,10044
39.291,30,26,2705,11469
40.462,29,31,2804,11039
41.721,35,28,2989,11603
40.403,30,31,2535,10330
39.593,28,27,2398,10357
39.848,27,28,2750,10714
41.612,28,37,2320,11185
41.756,34,36,2640,11719
41.067,27,35,2732,10562
40.214,29,37,3048,10121
40.185,30,25,3009,11317
41.689,27,32,3012,11607
41.353,27,28,2335,11061
39.883,28,27,2675,12106
40.526,28,31,2933,10986
39.572,26,36,2356,10484
40.178,35,35,2882,11923
41.587,30,27,2534,10619
40.357,26,25,2763,10708
40.475,26,34,2428,11267
40.951,30,30,2744,10322
40.515,31,37,2727,11357
41.657,26,35,2899,10232
39.139,34,25,2668,10292
40.844,30,27,2567,11851
40.822,25,33,2869,11001
41.415,32,27,3095,11238
40.631,29,29,2641,11231
41.353,30,25,2972,10730
39.419,28,31,3065,11171
40.848,29,26,2695,10776
40.367,30,34,2406,10621
39.780,26,34,2515,10185
41.264,33,25,2567,10078
41.182,32,32,2402,10645
39.803,32,29,2821,11272
40.453,33,33,3097,11424
41.454,35,25,3117,10811
41.706,28,26,2813,10751
41.099,26,30,2769,11589
40.379,29,32,2660,11115
40.965,25,32,2649,11465
41.720,32,35,2995,10061
41.483,30,29,3040,11813
41.610,32,27,2477,10872
41.178,26,27,2774,11359
41.437,35,28,2371,11446
41.376,27,35,2777,10992
41.004,35,36,2764,10743
40.558,35,25,2465,11231
41.056,34,28,2521,10135
39.101,29,37,2346,10053
41.431,30,25,2911,10155
41.759,30,28,2836,10397
41.174,31,35,2670,12000
40.581,25,29,3019,11838
41.412,29,35,2862,11482
41.391,28,31,2555,12076
41.663,30,28,2868,11690
40.918,32,31,3111,10286
41.310,33,35,2678,11116
40.369,28,28,2668,11118
40.409,26,33,2504,10855
39.857,29,31,2644,10078
39.713,32,30,2906,10019
40.997,33,29,2874,10648
41.088,29,35,2538,11226
40.403,26,34,2897,10712
40.910,33,25,2480,12090
41.177,30,26,2518,11151
41.711,26,36,2758,11864
41.640,33,32,2367,11793
40.906,33,34,3095,10539
41.542,35,35,2907,10043
41.256,34,30,2387,10829
40.134,27,37,2880,11929
41.747,30,34,2818,11730
41.455,32,35,3013,10725
40.139,29,30,2365,11492
41.283,34,27,3022,10278
39.299,31,28,2998,11752
40.634,30,27,2435,10169
39.547,30,35,2990,11061
40.596,26,26,2675,11582
40.498,33,26,2770,10384
40.819,25,33,2461,11311
41.582,31,35,2544,10412
40.756,32,30,2778,12076
41.734,35,34,2720,10205
41.686,30,29,2353,11258
40.371,31,27,2621,10051
41.772,30,35,2584,12142
40.888,35,27,2601,10948
40.763,34,36,3046,12104
41.300,30,35,3050,11322
41.374,27,32,3118,11294
40.919,26,29,2649,12054
41.645,31,29,2507,10511
41.003,29,33,2963,10711
40.708,27,25,2974,12148
41.773,32,32,2769,10290
41.492,33,30,2670,11270
41.185,30,26,2861,10773
39.797,29,26,2336,10055
39.944,35,31,2784,11657
41.514,33,32,2701,11850
41.374,25,35,2517,11660
41.174,25,27,3029,10582
39.511,34,31,2829,11930
41.409,25,33,3088,10100
40.743,32,27,2596,10205
40.871,30,32,2459,10831
41.506,33,27,2719,11739
40.399,32,33,3086,10747
40.521,28,32,2894,10208
40.609,26,29,2856,11107
40.482,31,31,2671,11853
41.309,33,31,2776,10122
40.381,26,31,2472,10735
41.038,26,26,3043,10300
40.799,34,35,2860,12120
40.593,27,34,2962,10744
41.538,34,35,2795,10590
40.958,30,36,2864,10932
41.768,29,27,2894,10371
40.144,29,28,3073,10352
39.205,29,35,3088,10684
40.671,29,31,2717,11279
41.075,35,32,2386,11018
40.726,35,27,2364,11234
41.736,29,26,2551,12157
41.553,32,32,2898,10206
40.327,27,28,2518,11243
40.756,31,27,2482,10463
40.901,32,27,2393,12153
40.592,35,33,3006,10884
39.806,31,26,2862,11115
41.400,26,31,2337,10985
39.895,31,30,3065,11767
41.042,30,29,2908,10283
40.138,35,32,2846,11697
40.659,29,35,2776,11788
41.532,31,35,2776,11622
40.567,26,32,2337,10219
40.020,34,28,2721,10846
39.944,33,26,3003,10596
39.565,34,26,3091,10349
39.922,26,33,2326,11911
41.374,28,35,2972,10046
41.036,30,33,2462,11864
41.025,32,36,2529,10763
41.419,31,31,2594,11559
41.028,27,33,2360,10242
40.154,28,31,2698,10356
40.219,25,29,2648,11761
41.603,34,36,3003,10551
39.831,33,30,2848,10551
39.773,30,27,2770,11141
41.424,30,37,2958,12125
41.130,30,29,2622,12121
40.863,30,34,2788,11637
41.237,26,35,2787,10791
40.833,28,36,2562,10034
41.497,26,33,2445,11976
41.707,30,32,2437,11479
41.664,29,28,2594,11930
41.159,25,36,2339,11149
40.481,30,26,2728,10919
41.728,25,32,2577,10763
41.652,29,35,2814,10021
39.027,29,34,2659,11521
40.653,28,36,2886,10909
40.115,34,31,2561,11485
40.394,30,31,2770,11060
40.834,31,36,2405,11161
40.734,33,33,2468,11544
40.907,25,26,2654,11368
41.577,28,30,2922,10804
41.155,35,27,2772,10708
40.914,29,34,2378,12016
40.423,28,31,2337,10088
41.012,34,31,2497,11011
40.026,26,31,2667,10665
41.531,33,36,2485,10178
40.581,28,34,2605,10960
39.102,31,28,3024,10089
40.726,31,27,2704,11596
40.971,25,31,2694,10426
38.966,25,31,2557,10307
41.426,33,25,2725,10452
40.352,30,33,2599,10022
40.573,35,30,3088,11333
40.375,33,32,2331,10593
39.570,33,37,2616,10488
39.271,27,33,3067,10050
39.298,33,32,2436,12104
41.639,30,36,2602,11037
40.664,29,37,2473,11327
40.740,30,26,2342,10778
39.827,31,36,2393,11310
41.591,26,25,2836,11252
41.165,25,30,2565, 9998
41.406,28,36,2846,11578
40.681,31,28,2613,11094
41.596,27,35,2375,10225
40.477,25,34,3013,11986
41.299,28,31,2740,12022
41.176,33,35,2629,11671
40.807,35,30,3042,12059
40.587,34,31,3021,11364
41.331,27,32,2782,10382
39.037,28,37,2866,10099
41.519,30,31,2497,11368
40.662,33,35,2872,11775
40.627,34,33,2434,11091
40.845,26,37,2872,11543
40.381,34,25,2744,11522
41.470,30,35,3114,10488
39.479,31,32,2423,11518
40.826,26,34,2709,11036
40.974,35,37,2321,12091
41.241,31,31,2824,12143
40.549,34,26,2825,11863
41.265,28,36,2799,11365
41.022,35,32,2345,10840
40.017,33,28,2427,11910
41.059,35,31,2613,11401
41.089,26,36,2500,10072
39.923,31,25,2659,10669
41.263,34,37,2694,10940
39.565,30,26,2792,11883
40.621,26,29,2720,10324
41.252,29,32,2514,11340
40.650,30,32,2530,11131
40.500,27,36,2635,10296
39.916,26,25,2975,12082
41.322,28,25,3033,11194
41.363,29,36,2802,10710
40.340,26,25,2884,10736
39.221,27,25,2816,10448
40.844,30,29,2731,12089
40.889,35,37,2602,12151
41.234,25,30,2320,10470
41.122,29,37,2986,10911
39.887,34,33,3041,10705
40.779,25,35,2639,10734
41.259,33,35,2601,10921
39.672,27,29,2931,12019
40.854,30,31,3075,11996
41.315,30,27,2803,11878
41.041,32,27,2439,10709
41.382,30,31,2472,10021
41.569,35,28,2955,11168
40.519,28,29,2678,10077
39.218,29,33,2929,12055
40.594,31,26,2858,11512
40.595,25,29,2437,10548
40.213,30,25,2710,11654
41.123,28,31,2418,11795
40.639,34,26,2411,12024
41.717,35,26,2946,11276
41.418,33,25,2851,11187
40.395,33,36,2354,11236
41.611,35,28,2902,11943
41.028,30,27,2826,10273
40.300,35,36,2429,11212
40.661,29,26,2469,12013
41.461,32,27,2417,11715
41.094,30,37,2527,11634
41.711,32,28,2561,10435
39.983,25,33,2913,11538
41.721,30,31,2590,10717
39.969,27,31,2402,11810
41.372,30,37,2781,11315
40.465,25,29,2923,11209
40.774,28,31,2362,11059
39.665,32,25,2970,10627
39.712,26,37,2541,10636
40.871,32,36,2368,10715
41.133,28,30,2371,10933
41.223,35,35,2964,11661
41.049,32,25,3065,10909
39.670,30,29,3041,10892
41.553,28,36,3069,11242
40.366,29,29,2867,11610
41.749,29,31,2534,12099
40.631,33,32,2839,11431
41.247,31,30,2368,10982
41.102,33,34,2354,11372
40.998,26,31,2816,10487
39.225,32,26,2601,10243
41.585,35,32,2954,11991
41.252,33,37,2883, 9990
39.304,35,32,2716,11630
40.610,28,32,2790,11692
41.554,34,25,2970,10046
41.479,30,31,2968,10575
41.334,30,30,2690,12090
40.612,26,29,2462,11621
40.386,27,31,2604,10593
41.621,28,31,2744,11590
40.409,27,37,2754,11178
41.708,29,28,2609,10966
40.113,32,26,2904,11312
41.599,35,26,2915,11965
41.111,28,30,2489,12013
40.796,29,25,2662,10894
40.928,33,32,2421,11931
41.407,25,25,2628,11035
39.934,33,31,2669,10346
39.418,27,25,2985,11366
41.680,30,28,3035,11885
40.894,30,35,2889,11478
41.601,32,29,2704,10170
40.838,35,36,2652,12098
41.265,28,35,2522,10785
39.633,29,37,2914,10208
39.761,28,35,3114,10800
41.296,29,28,2502,10306
39.633,29,26,2384,11521
41.307,27,31,3021,11844
40.816,34,27,3024,11493
41.145,33,30,2554,11624
41.003,33,26,2799,11340
41.189,28,35,2650,11736
40.386,30,34,2986,10327
40.465,28,28,2400,10441
40.681,30,31,2464,10996
40.855,32,37,2374,10537
41.325,31,33,2807,11513
41.168,25,27,2490,10094
39.409,30,29,2575,10145
39.706,33,27,2426,10668
40.519,30,27,2712,11167
40.413,35,25,2760,11986
41.475,30,25,2887,10168
39.794,30,33,3101,12005
41.486,27,34,2360,11381
40.431,34,31,2497,11350
40.688,25,26,2600,11414
40.746,34,37,2438,10749
39.612,35,32,2992,11225
40.754,30,31,2398,11790
40.482,32,28,3065,12179
40.388,26,27,2628,11355
41.478,32,25,2697,11183
41.403,25,27,2496,11117
41.759,26,25,3073,10303
41.338,33,37,3052,10851
40.524,35,28,2660,10503
41.509,35,31,2417,12080
40.799,35,27,2857,11133
40.693,29,30,2325,12064
40.766,27,29,2429,10256
41.593,30,27,2720,10113
39.341,32,25,2781,11436
40.989,26,36,2559,11295
41.577,35,25,2673,10838
40.328,35,30,2664,11681
41.436,27,26,2946,11613
41.169,26,25,3037,12120
41.482,34,32,2557,10160
41.175,25,26,2365,12021
41.158,34,32,3002,10919
39.014,30,25,2553,11016
39.424,34,30,2497,10451
41.720,32,35,2710,11213
40.380,27,30,2445,12159
41.137,29,36,2605,11439
40.697,32,31,2911,10149
39.457,25,30,2858,10907
41.096,35,37,2806,10092
40.201,33,26,2724,10858
41.402,30,31,2328,10440
40.889,35,31,2742,10204
40.004,30,34,2645,10367
40.308,33,32,2400,12124
40.762,32,30,2995,12075
41.703,28,37,3086,10814
39.999,29,32,2661,10243
39.310,26,32,2787,10321
41.598,29,32,2869,11383
41.642,27,36,2839,10568
40.754,29,30,2347,11706
41.514,32,35,2656,10796
41.132,33,29,2839,10977
40.981,26,33,2559,10362
40.918,32,37,2413,12044
40.884,34,30,3010,11476
41.307,35,32,2810,11924
40.646,35,25,2748,10558
39.402,35,31,2953,11268
41.134,34,32,3082,11820
40.599,33,27,2408,10594
41.347,30,27,2497,11851
41.581,33,32,2776,10975
40.363,29,29,3077,11433
41.450,31,27,2347,11005
41.722,28,36,2570,11886
40.989,30,34,2795,11860
40.624,28,36,2604,11660
40.817,30,33,3009,11046
40.146,28,32,2925,11094
41.392,32,29,2725,11619
41.662,25,27,2971,12134
41.657,28,30,3116,10825
41.257,28,33,2726,11373
41.206,25,31,2519,11271
41.136,32,29,2468,10362
39.602,26,34,3017,10106
41.022,35,31,2526,10081
40.799,34,34,2895,10434
39.418,28,35,2407,10637
41.089,27,35,2597,10259
41.563,32,25,3052,11036
41.236,27,34,2889,11694
40.533,33,25,2824,10150
40.568,35,37,2972,10154
40.816,29,34,2611,10370
39.871,32,27,2386,11557
40.735,30,28,2848,10856
40.566,35,34,2479,11852
40.425,31,31,2596,11465
41.083,26,37,2595,10884
41.001,32,29,2729,10735
39.426,31,32,2345,11907
41.263,31,37,2470,12091
40.364,34,35,2565,11855
41.076,31,29,2631,10390
39.498,33,36,2397,10916
41.071,28,35,2858,11441
40.664,32,27,3001,11093
41.726,31,37,2566,12152
40.469,25,28,2589,11243
41.386,26,34,2901,11675
41.095,34,34,2707,10877
40.211,28,29,2952,10773
41.508,33,30,2899,11325
40.965,34,33,2599,10142
39.521,30,28,2931,11535
41.513,30,31,2341,10764
39.184,35,31,2834,10228
38.971,34,34,3031,11606
41.238,30,31,2720,10131
40.905,34,33,2839,10596
40.131,29,32,2739,11412
40.534,31,28,2659,11777
41.453,28,32,2530,11655
41.082,29,35,2555,12129
41.399,29,29,2527,10101
39.648,28,37,2851,11904
40.963,28,26,2747,12168
41.688,26,26,2746,10188
39.401,28,25,2965,10269
41.340,31,32,2450,11175
40.437,28,31,2331,10238
40.154,30,32,3073,11217
41.475,34,29,2921,11404
41.565,26,33,3055,10575
41.518,29,36,3014,11935
40.806,34,28,2568,11339
41.021,32,28,2838,10173
40.924,35,37,2351,12015
41.753,26,31,2964,11065
41.096,26,25,2902,10322
39.324,29,27,3106,10608
41.447,33,27,2441,11101
41.699,27,29,2462,10814
39.653,32,31,2764,11146
40.966,25,30,2942,10895
39.339,30,35,2664,11278
41.511,32,37,3042,10127
39.476,28,34,2956,10031
41.232,30,25,3073,11514
41.418,33,27,2614,10441
40.540,27,34,2620,11420
41.326,31,29,2808,10024
41.030,28,28,2641,11110
41.446,27,31,2946,10614
38.995,31,35,2439,12166
41.450,34,31,2682,10813
40.186,30,28,2385,10846
39.447,25,35,2765,11632
40.560,26,31,3004,11933
41.093,27,31,3071,11560
41.617,32,31,2723,11021
39.244,34,31,2574,11816
41.363,30,30,3057,10224
41.457,30,31,2945,10630
41.501,30,35,2623,11072
39.526,30,32,3069,10089
39.841,28,37,2532,10632
41.027,31,27,3084,11632
41.652,30,28,2788,10435
39.150,26,34,2959,11029
40.240,30,30,2525,12033
41.672,33,35,3081,10900
40.389,27,32,2952,11099
40.462,28,34,2642,10028
39.435,27,27,2851,10910
39.251,27,36,2398,10621
40.471,30,28,2883,10076
39.949,30,27,2443,11808
40.555,33,31,2772,11110
41.381,30,25,2566, 9983
40.636,33,30,2612,11061
38.987,35,25,2808,10842
39.741,30,36,2774,11203
41.403,34,34,2912,11165
41.566,34,28,3101,10121
39.550,27,31,2377,10627
40.555,33,35,3009,10824
39.891,33,25,2598,10794
39.845,34,33,2926,11477
40.926,25,27,2518,10985
41.140,30,25,3082,11257
41.540,30,33,2974,11090
41.410,30,30,2879,11169
41.548,30,30,2695,10417
39.629,30,34,2654,12038
40.766,30,35,2495,10830
40.017,30,33,2408,10117
41.163,28,35,3005,10435
39.464,27,25,2906,11901
41.619,34,33,2841,10368
40.058,30,30,3055,10953
39.211,28,33,2865,12093
40.453,26,36,2566,11856
41.696,32,36,2894,11053
40.749,25,36,2405,10922
39.301,30,31,2372,11449
40.738,30,29,2942,10219
41.465,29,30,2799,11362
41.374,32,32,2519,10598
40.315,27,34,2483,10456
39.951,30,36,2710,11580
41.546,27,25,2811,10583
39.818,34,37,3071,11732
40.571,30,28,2404,12016
40.912,30,30,2499,11940
41.623,27,31,2449,10825
40.735,34,31,3114,10391
41.190,30,28,2735,11940
40.702,34,31,2452,11733
40.520,28,26,2385,11978
41.516,27,32,2404,11200
40.675,27,36,2549,10609
40.502,35,31,2619,10691
41.438,31,29,2377,11315
41.392,27,26,2496,10493
40.314,32,35,2544,10377
40.996,30,36,3073,10438
40.037,25,28,2663,11646
40.838,27,26,2874,11664
41.117,35,35,2342,11552
41.672,26,25,2931,10883
39.015,26,37,2355,10837
39.944,35,37,2793,10334
41.132,33,36,3032,11462
40.795,33,31,2435,10902
40.108,32,33,2480,10412
39.677,30,31,2464,10059
40.269,25,30,2994,11154
41.186,28,36,2577,10496
41.317,29,36,2541,10862
39.107,30,25,3115,10252
39.996,28,36,2438,11556
41.434,25,35,2616,10197
39.553,30,25,2661,10893
40.187,30,36,2753,11575
40.956,30,31,2900,11545
41.518,35,35,2491,11669
40.477,34,34,2983,11793
41.221,33,25,2398,10577
41.149,27,31,2695,11257
41.349,26,37,2457,10763
39.660,29,27,3077,10132
40.434,30,37,2619,10194
40.652,33,31,2934,11990
41.199,29,32,2991,11165
41.268,25,31,2994,10567
39.132,35,36,2463,12168
41.771,31,35,2497,11007
39.282,32,30,2823,11419
41.321,32,31,2655,11065
39.501,31,36,2774,11509
41.337,28,29,2441,10803
41.121,35,26,2908,12178
41.320,35,31,2322,10143
40.325,28,31,3108, 9986
39.683,35,26,2953,10283
39.170,31,37,2576,11351
41.221,33,37,2942,10764
41.330,30,35,2443,11841
40.880,27,37,2431,11982
41.667,26,28,2705,10019
41.741,30,29,2532,11708
40.376,32,29,2959,11533
41.283,29,27,2874,10300
39.031,32,27,2950,11735
41.546,33,31,2843,10259
40.607,27,33,2979,11462
40.872,25,25,2402,11689
40.749,29,30,2878,11625
40.453,25,34,3093,10379
41.485,27,31,2961,11879
40.610,34,36,2773,10281
38.993,32,26,2702,11842
40.646,26,32,2397,10441
40.384,35,31,2447,11345
41.690,28,25,2843,11677
41.075,30,27,2929,11686
40.706,30,29,2592,10051
40.434,34,25,2789,11145
41.712,34,36,2952,10913
41.017,30,30,2731,10360
39.644,29,35,2574,11705
41.691,26,33,2768,11564
40.632,28,25,2698,12054
40.643,31,37,2963,11209
40.408,30,31,3038,10898
41.574,35,35,3089,11331
41.359,33,33,2548,10208
40.658,31,25,2992,12078
40.424,30,36,2360,11483
41.066,34,36,3095,11936
41.381,32,30,2552,11983
41.456,30,32,2821,11058
41.022,34,26,2737,10666
41.751,28,37,2344,11305
41.676,29,32,2789,11686
40.610,26,37,2965,10744
39.682,26,33,2972,11911
41.736,25,32,2805,10992
39.365,34,25,2800,11034
39.829,28,28,2389,11293
40.820,28,26,3045,10413
39.546,27,36,3011,10834
41.641,33,34,2562,12054
41.320,34,35,2539,11622
41.471,30,25,2926,11520
40.705,33,32,2582,12149
41.272,28,25,2569,10527
40.244,30,34,2629,11739
40.487,28,25,3055,11880
41.468,28,36,2408,10150
40.168,28,25,2594,11119
40.634,30,31,2851,12117
40.618,30,36,2717,11147
41.620,26,26,2864,11410
40.520,34,32,3008,11068
40.176,34,32,2844,10935
39.853,29,37,2515,10055
39.287,35,34,2607,11916
41.625,35,37,3004,11696
41.034,35,27,3096,11307
41.648,29,37,2891,11225
40.386,25,28,2673,11433
40.675,28,28,2818,11858
41.475,30,28,2841,10256
41.712,25,29,2843,11484
41.134,34,37,2743,10804
39.075,26,28,3048,10562
39.354,35,35,2321,10371
40.747,34,31,2798,10463
41.361,35,34,2827,12177
40.675,33,28,3052,11505
40.946,27,29,2874,10951
39.014,32,26,2843,11177
41.062,27,37,2326,11988
40.926,34,37,2477,10467
40.541,26,29,2512,10453
39.227,28,30,2857,10570
41.544,30,31,2761,12113
41.519,32,28,2514,10596
39.701,34,31,2488,12071
40.680,32,26,2383,10999
39.678,30,29,2424,10817
39.161,27,37,2909,12181
40.578,32,30,2734,11746
40.606,25,34,2935,10635
41.580,30,31,2760,11478
40.431,26,37,2793,11448
41.570,25,31,2673,11992
40.545,30,28,2331,10817
41.599,27,34,2412,10401
41.745,29,37,2367,10190
40.799,25,30,2967,10548
40.954,25,34,3032,11322
41.375,30,31,2441,10295
41.142,31,32,2651,10601
40.761,29,32,2524,10542
41.333,28,31,2909,10949
41.254,26,34,2789,10932
41.586,31,36,2663,10253
40.895,28,31,2695,12172
40.605,31,29,3030,12022
41.708,29,28,3088,12159
41.718,32,29,2556,11190
41.078,30,28,2613,11620
40.526,34,36,2392,10589
40.598,34,30,2354,11079
39.261,35,36,2922,10774
41.427,30,36,2325,11391
41.346,29,30,2887,12102
40.459,33,28,2631,11715
41.574,30,32,2668,11612
41.072,34,34,2868,10999
39.259,31,28,3005,11811
41.329,25,26,2520,11965
40.370,32,32,2343,10171
39.975,33,30,3030,11444
40.651,27,25,2584,11237
40.431,25,31,2805,10401
41.269,25,28,2985,12049
41.070,34,36,3056,10427
41.592,31,34,2776,10991
40.820,32,32,3043,11158
40.414,27,30,2348,10890
40.289,25,35,2393,11161
41.671,35,34,2807,10101
39.432,30,36,3068,10883
39.808,32,29,2366,10114
41.327,28,30,2382,11794
40.585,26,31,3033,12009
41.083,27,31,2741,10427
41.087,27,25,2815,10086
40.664,26,29,2924,10823
40.050,32,37,2534,10835
41.170,34,32,2731,10059
39.356,30,27,2715,10143
39.206,29,31,2434,12034
41.313,28,25,2977,11226
40.964,30,30,2585,11967
40.377,30,34,2803,12146
41.497,33,27,2567,12021
41.000,25,30,2985,11795
41.184,26,28,2883,11588
41.382,27,26,2713,10735
41.036,35,33,2820,10354
41.460,30,30,2742,12029
40.913,26,26,2730,11101
40.916,28,32,2557,10689
40.832,27,34,2771,11845
40.981,27,30,2351,10709
40.312,26,26,2469,10892
40.688,33,32,3012,10406
39.255,28,33,2931,11624
41.014,30,36,2328,11353
40.592,29,37,2599,11860
41.701,32,34,2521,11179
41.317,26,26,2884,12070
40.764,29,26,3106,11612
41.500,31,26,2489,10903
39.068,30,35,2364,10977
39.726,34,31,2751,11179
41.239,34,26,3039,10707
39.401,27,31,2886,11924
40.808,34,33,2761,11782
40.594,35,27,2899, 9995
40.760,33,37,2680,10053
40.869,30,34,2959,11172
41.250,29,36,2847,10857
40.383,34,35,2816,11659
41.745,34,36,2900,11815
40.693,30,33,2704,11906
40.526,34,27,2957,10655
40.344,31,31,2356,10131
40.235,29,25,2443,10406
40.954,30,26,3115,12173
40.823,34,31,2618,11373
40.603,27,26,2625,11599
41.025,29,31,2672,11322
40.440,25,36,2540,10233
40.074,34,31,3076,10174
40.712,25,37,3098,11978
41.139,25,26,2531,11374
40.481,35,37,2426,10687
39.360,25,28,2424,11286
40.964,35,36,3114,12112
40.593,34,31,3054,11530
41.354,30,28,2704,11195
41.356,32,30,2926,10715
41.037,28,34,2473,11386
41.119,32,30,2955,10559
41.241,30,36,2349,10190
41.455,27,37,3020,11331
40.388,30,31,2778,10161
41.060,34,37,2925,11543
41.625,29,33,2563,11857
40.388,34,28,2836,10674
41.412,33,28,2658,10433
40.701,27,26,2845,10817
39.384,29,35,2669,11932
40.704,34,31,2867,11876
41.360,33,36,2892,11071
39.473,30,36,2424,11882
41.219,34,31,2346,12009
40.394,30,30,2655,11234
41.454,26,27,2957,10036
39.866,31,34,2420,10808
39.239,27,28,2692,11612
40.567,30,28,2762,11821
41.423,25,35,2849,11251
41.648,27,36,2865,10162
39.435,32,27,3047,11619
41.656,32,27,2321,10583
39.490,30,27,2724,10620
40.930,28,37,2340,10687
39.482,29,34,2421,11628
40.769,32,37,2377,10113
39.335,34,34,2570,10923
40.224,32,35,2590,11705
41.596,30,34,2932,10567
39.988,27,25,2871,11173
40.408,34,27,2377,10089
39.301,25,29,3108,11500
40.717,29,29,2827,12036
41.561,35,33,2558,10636
41.193,32,25,2463,11329
41.009,32,36,3115,11362
41.252,35,37,2703,12068
41.136,30,27,2445,11705
41.277,35,26,2434,11676
41.632,33,30,2411,11458
41.160,30,31,2467,10442
40.622,26,35,2919,12175
40.543,30,29,2481,11339
40.795,30,36,2412,10641
38.953,33,28,2739,11771
41.532,28,33,2320,10312
40.497,32,34,2683,10542
40.524,34,26,2835,11560
40.669,30,37,2513,11950
40.885,35,37,2541,11557
40.792,33,28,2761,11112
41.102,31,28,3050,11371
41.638,30,25,2738,10589
39.571,26,28,3015,11600
40.877,30,35,2369,10436
41.555,29,27,3080,10028
39.567,26,33,3017,11117
41.106,25,27,3065,11231
40.601,34,29,2455,10934
40.702,29,31,3084,11646
40.803,29,31,2560,10589
39.215,29,31,2461,10104
40.914,31,28,2482,10580
40.989,27,30,3075,10988
40.044,30,34,2931,10261
41.402,28,25,2462,11443
41.397,25,34,2982,11512
41.585,33,28,2756,11099
40.715,26,34,2682,10995
39.443,35,33,2503,11035
40.431,32,30,2350,10491
41.575,30,27,2602,10576
41.570,34,30,2459,12110
40.442,30,35,2986,11734
41.323,33,32,2324,12053
41.607,31,25,2394,11915
41.620,33,36,2841,10163
39.407,30,30,2864,10360
39.339,34,27,2846,10248
41.627,26,26,2772,11019
39.579,27,34,2438,10735
40.872,27,26,2916,10179
41.488,27,29,2635,10625
39.815,26,28,2556,11497
41.288,30,27,2952,11862
41.417,33,31,2605,10806
39.265,32,26,3030,11180
40.876,26,35,3009,11189
40.470,25,28,2344,12057
40.774,28,28,2867,10771
39.219,34,29,2431,11086
41.694,31,26,2336,10677
40.085,30,34,2631,10139
39.288,25,36,2761,10159
40.759,34,29,2538,11570
40.369,33,34,2691,10175
41.633,31,36,2579,11867
40.769,30,37,2649,10834
41.573,34,36,2605,10144
41.275,27,37,2399,11392
40.665,33,36,2565,11276
41.073,27,30,2565,10894
39.194,34,31,2847,11941
40.964,35,28,2343,11425
41.421,29,35,2954,11777
41.640,33,30,3030,12084
41.337,30,37,2476,10330
38.969,28,36,2974,12108
41.554,31,33,2734,12133
40.955,30,33,2364,11009
40.072,26,33,2841,11247
40.422,32,36,3116,11357
41.377,28,34,2590,11412
41.259,34,35,2720,11439
41.069,26,29,2802,11145
41.032,30,35,2928,11548
40.969,27,34,2654,11643
41.062,26,35,2693,11686
41.557,26,34,2514,11750
40.503,30,31,2349,11529
40.891,27,33,2781,12179
41.460,26,30,2592,11178
41.190,35,36,2464,11566
40.913,29,27,2624,11236
41.226,31,31,2960,11162
40.692,33,34,3082,11222
41.564,28,30,3078,10087
39.331,27,31,2596,10893
41.138,32,27,2912,12136
41.616,34,37,3002,11405
40.936,33,28,2590,10890
40.573,32,29,2477,10657
39.418,29,36,2479,10863
39.679,35,36,2893,10637
40.117,33,28,2703,10435
39.049,34,34,2446,11477
41.571,34,25,2872,10258
41.164,30,31,3038,11184
41.359,29,28,2574,11190
41.060,33,31,2429,11483
41.020,30,28,2762,10111
39.244,26,26,2417,10030
38.989,31,32,2499,10484
41.757,31,34,2425,10848
41.460,25,37,3016,11929
41.165,33,25,2455,10466
40.246,25,36,2753,10010
39.407,26,28,2626,11291
41.633,25,37,2718,12083
40.832,31,31,2923,10814
40.806,31,27,2804,11637
40.483,30,32,2963,10653
41.663,33,37,3101,11480
41.406,30,37,2541,10799
39.590,33,30,3031,10499
41.433,32,32,2556,11748
40.823,35,33,3090,11822
41.288,34,27,2819,11704
41.698,25,36,2640,11467
40.718,25,32,3005,11631
41.739,30,35,2946,11866
41.347,30,26,3082,11791
41.382,26,29,2539,12121
40.588,27,28,2377,11977
41.142,27,25,3097,12049
41.206,35,30,2721,11658
41.281,34,31,2869,12099
40.470,29,35,2411,11801
40.710,35,34,2561,10856
40.930,32,25,2841,10140
39.862,34,32,3015,11594
41.634,29,30,3084,11068
39.849,27,35,2648, 9999
39.923,25,32,3061,10383
40.819,27,31,2984,10614
41.452,35,35,2576,11019
39.345,34,33,3051,11699
41.363,35,35,3120,10491
41.484,30,25,3053,10281
39.065,35,32,2381,11622
40.571,31,26,2589,11111
41.500,32,32,2613,11234
40.976,27,27,2673, 9990
40.981,34,32,2901,11518
40.454,32,29,2345, 9987
39.439,29,29,2684,11730
41.293,26,31,2691,10796
40.052,35,26,3014,10800
41.645,29,27,2451,10552
40.970,33,26,3111,10976
40.778,30,26,2423,11337
40.988,26,31,2872,11048
40.493,34,32,3113,11313
41.499,30,26,2611,11324
41.325,26,32,2481,10216
39.702,27,34,2459,11519
40.654,34,33,2839,11068
41.301,31,29,3010,11671
40.452,29,31,2476,10648
41.593,32,34,2353,10835
41.036,30,33,3061,10816
38.977,29,26,2765,12049
41.355,30,36,2895,11428
41.110,31,36,2563,10013
40.445,34,31,3070,11954
41.310,34,36,2836,10912
40.154,31,35,2681,10256
39.330,30,27,2836,11579
41.420,25,32,2403,10525
39.454,35,32,2817,10294
39.429,27,31,2643,11547
41.340,27,32,2807,12019
41.188,35,35,2983,10575
39.194,32,25,2641,10288
41.112,29,37,2525,11397
41.225,30,26,2847,10682
41.004,26,33,2612,11213
40.975,33,25,2825,11686
40.534,31,36,3062,10388
41.112,32,27,3027,10650
39.375,33,36,2832,12039
40.853,35,32,2572,10354
39.184,33,35,2413,10465
40.808,28,37,2417,10985
40.816,30,27,2573,10357
39.304,25,25,2542,10931
41.467,31,32,2907,10717
41.006,30,28,2523,10906
41.290,27,32,2615,11482
40.710,34,34,3086,11832
40.449,30,34,2997,11791
41.346,26,36,2961,10237
39.448,26,36,2882,10596
39.695,25,37,2374,12002
41.729,25,30,3086,10138
40.559,27,31,2633,11530
40.828,26,37,2838,11304
41.496,28,31,2705,11668
41.263,27,32,2756,10533
39.434,33,25,3111,10919
39.209,30,33,2582,11002
41.270,34,29,2909,11637
41.435,30,35,2947,11463
41.356,28,34,2968,11694
41.298,33,32,2979,10565
40.510,27,36,2565,11849
41.579,28,35,2636,10177
40.437,28,32,2802,11670
41.023,25,27,3039,10971
39.940,26,34,2542,10670
40.759,35,31,2953,11276
41.544,33,32,3047,11000
41.137,27,27,2375,11266
40.408,26,27,2449,11000
41.001,33,32,2622,11515
40.871,26,36,2572,11687
40.699,27,30,2926,11220
41.382,30,37,2901,10327
39.688,31,36,2468,10909
41.074,27,32,2813,11834
40.372,26,29,2480,11011
41.478,30,36,3063,10752
40.463,33,27,3042,11077
40.892,32,32,2450,10888
40.539,29,27,2521,11834
41.575,29,37,2836,10663
40.335,33,32,2389,10265
41.095,30,27,2702,10980
41.681,29,28,2828, 9983
39.206,31,33,2810,11014
40.803,33,35,2459,10989
40.504,25,30,2571,10240
40.413,30,36,2692,10511
39.125,25,34,2766,11314
41.087,28,34,2775,12181
40.649,26,25,3071,10791
40.464,31,28,3028,10379
40.076,26,35,2625, 9994
41.264,27,35,3065,10278
41.653,29,33,2894,10002
39.715,28,35,3102,11150
41.036,28,29,2738,11891
40.802,31,29,2617,10318
40.583,33,26,2465,12079
40.621,33,36,2545,10756
39.638,33,30,2930,10727
39.854,32,27,3083,10825
41.123,31,28,2718,11549
40.468,27,33,2338,10838
40.127,26,27,2986,11210
41.256,30,28,2869,12128
40.725,25,33,2950,11483
41.555,27,35,2544,10465
40.648,30,26,3069,11229
40.531,30,26,2484,10941
40.541,27,27,2717,11875
41.551,30,26,2921,10332
41.695,32,30,2648,10843
40.582,33,36,2847,11018
41.149,26,32,2549,11585
40.674,26,32,2627,10721
41.444,26,36,3015,10375
40.749,31,36,2407,11410
41.326,30,33,2741,10747
39.021,34,31,2811,10045
41.187,28,31,2835,11330
40.582,33,37,2538,10241
39.083,29,28,3012,11421
40.525,32,29,3117,12002
40.471,34,31,2744,11725
40.850,32,28,2385,10245
41.574,34,29,2474,10343
39.017,25,32,2485,10263
40.915,32,30,2727,12013
41.136,32,26,2517,11903
41.267,30,25,3029,11201
41.688,34,32,2569,10373
39.089,29,33,2938,11220
40.879,32,31,2444,10048
40.405,28,29,2906,11798
41.071,31,31,2346,11998
41.497,29,29,2650,11665
41.438,26,28,2964,11578
40.739,27,29,2876,11348
41.243,26,28,2469,10557
40.810,30,28,2573,10217
40.251,32,34,2752,10686
39.881,32,29,2642,12018
41.321,32,37,2623,11261
41.657,32,31,3077,11111
40.452,35,29,2349,10034
38.991,31,27,2917,12080
40.453,27,27,2499,10240
41.130,29,28,2998,11283
40.974,26,33,2600,11548
40.862,28,37,2364,10225
40.763,35,33,2549,11281
41.699,31,27,2527,11069
40.822,31,27,2435,11784
41.042,30,26,2435,11391
41.667,35,25,3013,11513
41.171,33,29,2772,11798
40.560,35,30,2607,10388
40.671,30,34,2818,10254
39.314,25,32,2981,10871
39.580,28,31,2450,10206
38.982,35,36,3056,11381
40.650,35,31,2916,10136
39.066,30,29,2847,11659
41.318,32,32,2701,12045
40.587,26,26,2547,10006
40.320,35,32,2708,10992
40.489,32,32,3017,11596
41.584,35,32,2640,10869
39.498,35,37,2923,10476
39.356,26,29,2863,10048
41.611,33,33,3001,11703
41.111,32,35,2453,11954
40.425,33,37,2360,11421
41.568,26,31,2749,10432
41.038,30,37,2673,11245
41.379,33,33,2846,11307
40.719,27,26,2379,10373
39.561,28,29,2860,10711
39.503,25,27,2381,10089
41.404,34,35,2521,11589
41.252,27,26,2522,10232
39.466,33,28,2567,12089
40.876,30,36,2930,10537
41.359,32,27,2730,11844
40.612,30,37,2336,11771
41.364,33,25,2467,11162
40.492,30,26,2910,11913
41.224,32,31,2721,11595
41.603,34,34,2342,10502
39.004,30,31,2521,11263
41.647,34,29,2405,11536
40.989,30,30,2596,11302
40.563,30,36,2462,10746
41.536,28,31,2590,12058
41.282,31,29,2513,11729
40.487,25,32,2800,11251
41.567,35,30,2804,11271
40.998,30,31,2959,11572
40.641,31,27,2861,10758
39.473,28,37,2519,11164
40.884,32,27,2960,11329
41.694,32,30,2609,10499
41.050,29,32,2955,11210
40.577,35,33,3102,10223
41.591,31,33,2393,10355
39.422,26,29,2779,10332
39.169,33,35,2574,10948
40.103,27,28,2358,10300
40.050,34,30,2743,11793
40.658,33,37,2645,10818
40.302,26,25,2827,11114
40.670,30,31,2718,10328
41.459,30,31,2606,12109
41.051,31,28,3104,11246
41.185,28,34,2792,10492
39.785,26,27,2609,10358
41.160,30,27,2940,10327
40.487,33,35,2739,11992
41.413,28,30,2626,12062
41.092,29,36,2407,10421
39.636,35,31,2531,11626
40.431,34,37,3076,11573
41.625,30,33,2639,10296
40.822,27,31,2441,10542
40.625,32,33,2788,10753
38.990,28,25,2913,11948
41.727,32,35,2803,10567
40.867,26,32,2331,12023
41.160,28,35,2753,12089
40.620,34,26,3014,10753
41.551,29,37,2590,11950
41.027,30,34,2952,11148
41.323,30,37,2334,11411
40.480,31,29,2509,10547
40.197,25,31,2731,11473
41.667,32,29,3115,10253
41.562,27,30,2800,11222
41.504,35,25,2324,11919
40.537,25,35,2934,11236
40.655,28,27,3036,10261
41.647,32,26,2683,10883
40.545,31,33,2386,10339
40.383,29,26,2938, 9984
41.235,30,31,2843,11078
40.298,25,35,2833,10973
41.236,35,31,2616,11426
41.114,35,33,3090,10619
39.250,27,37,2822,11220
41.625,34,37,2398,10812
41.720,34,31,2882,11134
40.921,29,27,2542,10838
41.713,34,26,3034,10325
41.594,26,25,3104,10499
40.612,31,26,2378,11821
40.511,28,36,2898,10981
39.543,30,36,3046,11296
40.524,32,36,2415,11462
41.205,28,32,2371,11361
40.580,31,32,2858,11251
41.394,34,30,2519,11404
41.742,33,30,2505,11975
41.594,34,29,3112,10956
41.103,34,31,2767,11334
40.437,28,29,3079,10487
39.611,34,28,2759,11150
41.724,25,32,2484,11393
41.290,27,37,2916,10400
39.020,35,33,3119,10817
41.713,35,31,2417,10491
40.077,32,29,2457,11512
41.538,26,33,2834,11845
41.307,27,34,2748,10831
41.638,32,34,2830,11354
41.458,30,31,2748,10624
41.017,27,26,2462,11296
40.690,31,35,2919,11359
40.931,35,28,2653,11389
41.470,31,31,2351,10204
41.158,26,35,2556,11681
41.546,33,29,3040,10471
41.205,32,36,2401,10154
41.056,25,33,2422,11512
40.965,30,29,2498,11652
41.434,26,32,2688,10431
39.510,34,34,2433,12148
40.956,27,36,2402,11546
41.713,30,29,2607,11436
41.133,31,33,2879,10151
41.204,28,27,3007,11147
40.627,27,26,2798,11159
41.230,32,34,2691,10695
41.419,35,25,2720,11328
40.587,25,32,2770,11428
41.002,29,33,2322,12079
41.641,26,34,2384,11129
41.094,33,36,2460,11932
41.333,27,36,2652,10130
40.711,28,29,2402,10997
40.729,26,34,2840,11666
41.691,34,26,2504,11539
41.595,35,33,2891,10035
41.556,26,30,2516,10591
40.985,30,32,3093,10974
40.360,31,36,2562,10581
40.469,30,31,3014,11893
40.721,26,29,2996,11196
41.351,27,29,2538,10274
41.718,33,34,2894,10267
40.522,27,37,2845,10741
40.338,34,37,2919,11913
41.273,31,32,2539,11158
41.471,34,26,2720,11674
41.235,30,34,2965,10803
39.534,35,29,2770,11639
41.525,30,29,2861,10286
39.387,35,34,3010,10667
41.401,32,31,2697,10351
40.014,31,31,3066,10879
40.363,35,32,2786,11492
40.690,29,28,2455,11122
41.435,31,25,2359,11783
40.835,28,35,2591,12085
40.699,35,31,2849,10585
40.974,35,34,2644,11610
41.681,31,28,2676,10071
39.952,34,31,2842,10836
39.426,30,33,2477,11178
41.051,30,33,3019,11869
41.466,28,29,2784,10905
41.002,28,31,2804,10815
39.023,34,27,3033,10482
40.003,28,35,2845,10180
39.466,26,32,2805,10027
41.553,28,33,2396,10763
41.090,33,36,2586,11591
40.651,32,27,2998,11768
41.318,35,30,2822,11637
41.117,26,36,3081,11142
40.502,32,28,2984,11153
40.753,25,33,3041,10080
39.339,30,29,2836,11221
40.833,30,32,2488,11921
41.201,34,25,2335,11007
39.748,30,31,2346,12102
41.038,30,32,2805,12163
40.462,33,31,2920,10354
40.708,30,37,2588,10305
40.694,30,32,2901,10305
39.589,31,37,2460,11004
39.500,30,36,2429,10418
39.719,26,31,2375,10074
40.845,30,25,2421,12059
41.520,35,36,3041,11696
40.786,32,34,2864,10473
39.081,29,32,3056,10727
40.453,31,32,2487,10787
39.794,25,31,2336,11589
41.530,35,28,3043,10901
40.244,33,28,2560,11152
40.678,27,30,2988,12103
41.284,33,34,3004,10624
39.864,35,26,2470,10101
39.976,26,31,2509,10681
39.586,25,31,2346,11042
39.096,33,37,2622,11921
41.753,30,33,2337,11445
40.677,30,26,2532,11063
39.309,29,37,2331,12076
41.112,28,29,2951,10540
41.363,33,33,2783,11628
41.359,31,36,2739,11255
41.333,33,37,2926,10749
39.083,27,30,2378,11576
41.422,35,28,2913,12016
40.416,27,26,2560,10632
39.548,31,28,2912,11559
40.505,31,36,2806,11620
40.556,30,31,2385,10897
40.684,28,28,2646,11386
40.975,27,36,3065,10107
40.043,35,32,2887,10081
40.352,28,37,3035,11995
41.679,30,25,2932,11378
40.648,29,29,2416,11451
40.850,33,29,2462,12181
40.761,28,31,2364,11781
41.579,29,30,2621,10359
41.768,30,31,2905,10436
39.532,34,36,2906,11688
40.773,32,27,2830,10987
39.341,27,33,2620,11557
40.535,25,36,2810,11173
40.633,28,30,2378,11367
40.527,30,31,2418,11949
41.753,28,30,2660, 9981
39.621,30,25,2386,11554
41.544,27,36,3030,11746
41.330,28,29,2713,11664
41.334,28,31,2621,11061
40.362,34,34,3092,11971
40.384,31,28,3066,10806
41.197,27,36,3003,10743
40.077,33,27,2716,10495
39.571,25,35,2944,11284
40.929,30,34,2685,10079
40.910,30,35,2524,10741
40.380,25,30,2615,11855
40.866,34,31,2343,10933
39.445,25,31,2757,10274
41.413,30,32,2336,11520
41.102,27,31,3109,11997
41.446,25,33,2984,10362
39.939,26,33,2495,10368
39.118,26,32,2661,12122
41.099,31,31,2704,11928
40.375,25,31,2797,12145
41.562,30,30,3039,11073
41.469,35,31,3018,10257
40.225,30,29,2740,11253
41.457,29,35,2409,10965
40.111,27,28,2863,11000
40.070,28,25,2529,10715
39.201,32,29,2348,10263
40.593,25,34,2351,11037
40.599,31,32,2823,11953
41.482,29,29,2662,11426
41.544,27,33,2626,12028
40.772,34,35,2694,10802
40.060,32,27,2776,11584
40.702,26,30,3091,10617
40.104,26,25,2587,10256
41.377,27,28,2967,11733
41.402,29,29,2680,10314
39.259,26,37,2582,10743
39.555,30,27,2428,10636
40.792,34,31,2429,10903
40.055,30,33,2662,10384
41.647,35,29,2947,11716
40.760,31,36,2405,11456
41.094,34,32,2776,12112
40.486,25,31,3088,11029
40.318,35,31,2989,10546
40.859,29,31,2896,11147
40.419,33,29,2696,10233
41.101,29,27,3030,12087
40.665,29,35,3045,11395
41.410,31,34,2352,10569
41.009,31,32,2703,10341
40.246,32,29,2944,10378
40.942,29,32,2384,11003
39.481,31,36,2386,11010
39.549,27,29,2495,11277
40.830,28,35,2414,10357
40.991,30,28,2600,10858
40.531,35,33,3010,11565
41.059,35,32,3020,10773
39.952,34,32,2994,10955
39.207,31,36,2521,10209
41.569,30,30,2474,12094
40.742,29,33,2977,11211
41.177,30,31,3118,10596
39.644,29,31,2966,11306
41.313,29,34,2984,10018
40.480,27,31,2911,11883
41.014,27,37,3078,10612
39.695,28,29,2662,11174
41.018,35,26,2475,11054
39.205,34,29,3094,10579
39.741,27,37,2367,11649
41.711,29,26,2329,11525
40.501,29,35,2563,11131
41.099,34,31,2855,10323
41.311,30,37,2628,10657
39.933,30,31,2700,11879
41.331,28,30,3075,10933
40.972,31,30,2747,10527
40.331,28,31,2724,10643
40.591,25,26,2646,11693
41.172,32,36,2919,11207
40.570,32,29,2454,11041
41.394,29,37,2984,10877
39.395,35,26,2516,12158
41.130,29,31,2354,11885
40.932,31,31,2487,10543
39.586,25,26,3103,11824
40.454,34,31,2481,11379
41.194,30,25,3026,12170
40.864,34,26,2477,10440
39.348,30,37,2651,11332
41.215,29,32,3002,11096
40.796,30,26,2449,10520
40.824,28,34,2943,11752
40.557,34,35,2322,10039
39.983,26,31,3031,11935
41.289,28,31,3012,11298
41.135,27,27,3103,11173
40.901,26,27,2969,11727
41.305,31,35,2947,10585
41.691,25,30,2966,10365
40.907,25,31,2771,10418
39.629,29,35,2935,12041
41.475,28,29,2721,11882
41.257,30,27,2744,11344
41.248,30,34,2884,10174
39.510,30,29,2431,10833
40.652,25,29,2468,12037
40.939,35,28,3043,11037
40.848,32,29,2395,10129
39.632,26,31,2473,11429
41.395,32,31,2403,10844
40.306,32,36,2321,10796
40.256,32,29,2980,10038
40.855,29,37,2962,11829
41.548,28,36,2474,11590
41.764,25,34,2851,10264
40.988,29,27,2877,10292
39.405,28,28,2625,12005
40.952,30,33,2709,10499
39.287,25,30,2353,10553
39.398,34,32,2717,10346
39.568,30,33,3069,10950
39.638,30,35,2584,12043
40.503,34,27,2866,11927
41.360,26,36,2994,10181
38.992,26,30,2747,11656
41.530,30,30,2483,10413
40.912,25,31,2471,10509
39.752,32,27,2686,11756
40.386,28,32,2528,10919
40.645,35,36,2930,10995
40.470,32,35,2480,11339
41.307,28,30,2845,10511
40.558,33,33,2617,11227
41.448,26,25,2815,10808
39.790,34,34,2925,10349
39.904,33,34,2612,10973
41.292,35,37,2761,12032
41.023,29,28,2498,10317
40.583,33,30,3111,11083
41.251,31,33,2792,11053
40.004,30,32,2437,11177
40.367,31,31,2828,10550
41.480,25,32,2614,10708
41.151,29,31,2847,10526
40.313,28,26,2987,11517
